2theta,Intensity,Model,Residual,Background,extrapeak,bcc FeNi
22.00413906,1190.758423,1189.7158398885617,1.0425831114382618,1189.3862253359298,0.15096323329602054,0.17865131933595663
22.01142499,1189.263428,1189.285548485663,-0.022120485662981082,1188.9534462943893,0.15239852716663832,0.17970366410689226
22.01871092,1188.654175,1188.8561106623306,-0.2019356623306976,1188.521490959236,0.15385437033653107,0.18076533275819448
22.02599685,1188.9213869999999,1188.4275269228322,0.4938600771677102,1188.090359330471,0.1553311566193624,0.18183643574161715
22.03328278,1188.882324,1187.9997977825417,0.8825262174582349,1187.6600514080928,0.15682928929981405,0.18291708514897748
22.04056871,1188.9902339999999,1187.572923768253,1.4173102317467965,1187.2305671921035,0.15834918140798254,0.1840073947414564
22.04785464,1187.884888,1187.1469054184836,0.7379825815164622,1186.8019066825009,0.1598912560030994,0.18510747997951968
22.05514056,1187.123047,1186.7217438667567,0.40130313324334566,1186.37407046593,0.16145594430364144,0.18621745652316085
22.06242649,1185.715454,1186.297438508955,-0.5819845089552018,1185.9470573679728,0.16304369461190776,0.18733744637045605
22.06971242,1185.296509,1185.873990504896,-0.5774815048960136,1185.5208679764037,0.16465495974351846,0.18846756874892825
22.07699835,1183.508057,1185.4514004433604,-1.9433434433603907,1185.0955022912217,0.16629020591062635,0.18960794622811478
22.08428428,1182.807251,1185.02966892659,-2.2224179265899693,1184.6709603124277,0.16794991092602637,0.19075870323613536
22.09157021,1182.435303,1184.6087965706658,-2.173493570665869,1184.2472420400213,0.16963456455094658,0.19191996609361126
22.09885614,1182.113892,1184.1887840059044,-2.074892005904303,1183.8243474740011,0.17134466885504007,0.19309186304829942
22.10614207,1182.12854,1183.7696318772694,-1.6410918772694458,1183.4022766143698,0.17308073858909606,0.19427452431047815
22.11342799,1182.457275,1183.351341418304,-0.8940664183039644,1182.981030038727,0.17484329913339833,0.19546808044337666
22.12071392,1182.565918,1182.9339121563196,-0.36799415631958254,1182.5606065907418,0.17663289661016682,0.19667266896769175
22.12799985,1182.445923,1182.517345357498,-0.07142235749802239,1182.1410068491437,0.1784500837838815,0.1978884245705741
22.13528578,1182.389038,1182.1016417297442,0.28739627025584014,1181.722230813933,0.18029543012950788,0.199115485681666
22.14257171,1181.7891849999999,1181.6868019978665,0.10238300213336515,1181.3042784851086,0.1821695198761055,0.20035399288181274
22.14985764,1181.6407470000001,1181.2728269040838,0.3679200959163609,1180.8871498626731,0.1840729524674448,0.2016040889432991
22.15714357,1180.973145,1180.8597172085365,0.11342779146343673,1180.4708449466261,0.18600634303945762,0.20286591887095667
22.1644295,1180.585327,1180.4474736898262,0.13785331017379576,1180.0553637369667,0.1879703229152553,0.20413962994418372
22.17171542,1179.6313480000001,1180.0360977095959,-0.4047497095957624,1179.6407068022509,0.18996553735823557,0.20542536998686398
22.17900135,1178.7811279999999,1179.6255889558236,-0.8444609558237062,1179.226873004236,0.19199265710097568,0.20672329448649862
22.18628728,1178.01123,1179.2159488311268,-1.2047188311266837,1178.8138629126074,0.19405236246814653,0.20803355605123205
22.19357321,1177.411377,1178.8071781937253,-1.3958011937254469,1178.4016765273682,0.19614535485939147,0.20935631149772171
22.20085914,1177.1561279999999,1178.3992779232856,-1.2431499232857277,1177.990313848517,0.1982723546270801,0.2106917201416162
22.20814507,1177.1247560000002,1177.992248921592,-0.8674929215917473,1177.5797748760529,0.2004341016935039,0.21203994384548955
22.215431,1177.1092529999999,1177.5860921132366,-0.4768391132367924,1177.1700596099772,0.20263135619160527,0.2134011470678414
22.22271693,1176.8927,1177.1808084463316,-0.28810844633153465,1176.7611680502882,0.20486489913030337,0.21477549691321113
22.23000285,1176.197876,1176.776399447713,-0.5785234477129961,1176.3531007565002,0.20713552994317366,0.21616316126961274
22.23728878,1175.4748539999998,1176.3728650046753,-0.8980110046754817,1175.945856608455,0.20944407972278511,0.2175643164975085
22.24457471,1174.582886,1175.9702066961252,-1.3873206961252436,1175.5394361667995,0.21179139326938387,0.2189791360562562
22.25186064,1174.329712,1175.5684255719696,-1.2387135719695834,1175.1338394315312,0.2141783422795552,0.22040779815870717
22.25914657,1174.682617,1175.1675227096441,-0.4849057096441811,1174.7290664026514,0.21660582306097095,0.2218504839318679
22.2664325,1174.401123,1174.7674992150028,-0.36637621500267414,1174.3251170801586,0.21907475736991744,0.22330737747426152
22.27371843,1174.188721,1174.3683562232507,-0.1796352232506706,1173.921991464054,0.22158609328220397,0.2247786659146001
22.28100436,1173.716064,1173.9700948999075,-0.2540308999075478,1173.5196895543368,0.2241408060990175,0.22626453947182423
22.28829028,1173.732666,1173.5727169866116,0.15994901338854106,1173.1182119014738,0.2267398956910903,0.22776518944663376
22.29557621,1173.406982,1173.1762226217536,0.2307593782463755,1172.7175574034013,0.2293844018090749,0.2292808165432146
22.30286214,1172.9490970000002,1172.780613613996,0.1684833860042545,1172.3177266117173,0.23207538370260763,0.23081161857601293
22.31014807,1172.465454,1172.3858912605629,0.07956273943705128,1171.9187195264199,0.2348139353893833,0.2323577987536041
22.317434,1172.123413,1171.9920568944328,0.13135610556719257,1171.5205361475114,0.23760118322490287,0.23391956369658953
22.32471993,1172.051025,1171.5991118855513,0.4519131144486437,1171.12317647499,0.2404382870547624,0.23549712350656574
22.33200586,1171.87146,1171.2070576421083,0.6644023578917313,1170.7266405088567,0.24332644141504026,0.23709069183671183
22.33929179,1171.182373,1170.8158956118577,0.3664773881423571,1170.3309282491105,0.24626687678313453,0.23870048596406507
22.34657771,1170.5373539999998,1170.4256278185294,0.11172618147043067,1169.9360402371744,0.24926085673482704,0.24032672462008653
22.35386364,1169.189087,1170.036254721904,-0.847167721904043,1169.5419753890733,0.2523096958136403,0.24196963701706203
22.36114957,1168.911377,1169.6477784331896,-0.7364014331897124,1169.1487342473606,0.25541473629514194,0.24362944953395674
22.3684355,1169.00647,1169.2602005727624,-0.25373057276237887,1168.7563168120346,0.25857736602670167,0.24530639470105062
22.37572143,1169.3238529999999,1168.8735228080557,0.45033019194420376,1168.3647230830975,0.2617990158974747,0.2470007090605996
22.38300736,1169.2189939999998,1168.4877468552454,0.731247144754434,1167.9739530605475,0.2650811614478126,0.2487126332501723
22.39029329,1168.994263,1168.102874481021,0.8913885189790562,1167.5840067443837,0.2684253245491886,0.2504424120879991
22.39757922,1168.501587,1167.718907504427,0.7826794955728928,1167.1948841346084,0.2718330751582365,0.25219029466041726
22.40486514,1167.91687,1167.3358483239122,0.5810216760878575,1166.806585763601,0.2753060283364316,0.2539565319745479
22.41215107,1166.9727779999998,1166.9536978175627,0.019080182437164694,1166.4191105654713,0.2788458653195006,0.25574138677193103
22.419437,1166.166992,1166.5724584997286,-0.40546649972861815,1166.03245907373,0.2824543069205365,0.2575451190780156
22.42672293,1165.9104,1166.1921324189398,-0.2817324189397823,1165.6466312883754,0.2861331345946575,0.2593679959696475
22.43400886,1165.994873,1165.8127216865723,0.18215131342776658,1165.2616272094074,0.2898841879027052,0.2612102892622987
22.44129479,1166.052856,1165.4342284792363,0.6186275207637664,1164.8774468368283,0.2937093667966208,0.26307227561129637
22.44858072,1165.181885,1165.0566550412634,0.12522995873655418,1164.4940901706377,0.29761063401016846,0.26495423661556616
22.45586665,1164.456299,1164.680003687319,-0.22370468731901383,1164.1115572108342,0.30159001756064513,0.2668564589239949
22.46315257,1163.927612,1164.3042773201846,-0.3766653201846566,1163.7298484807538,0.3056496077395718,0.2687792316911908
22.4704385,1163.529419,1163.9294773721197,-0.40005837211970174,1163.348962932595,0.3097915822512638,0.27072285727351825
22.47772443,1163.519165,1163.5556069019913,-0.036441901991338455,1162.9689010908232,0.3140181756577915,0.2726876355101729
22.48501036,1163.5192869999998,1163.1826685343692,0.3366184656306359,1162.58966295544,0.31833170456116394,0.27467387436815277
22.49229629,1163.6698,1162.8106649791223,0.8591350208776021,1162.2112485264447,0.3227345652396995,0.27668188743794286
22.49958222,1163.291138,1162.439599034847,0.8515389651529404,1161.833657803837,0.32722923695301726,0.2787119940571586
22.50686815,1163.1601560000001,1162.0694735924628,1.0906824075373152,1161.4568907876178,0.33181828540773606,0.2807645194373562
22.51415408,1162.998779,1161.7002916389727,1.2984873610273553,1161.0809474777857,0.3365043663929292,0.28283979479413496
22.52144,1162.7504880000001,1161.3320567661713,1.4184312338288692,1160.7058283886304,0.34129022295640504,0.2849381545845748
22.52872593,1161.5366210000002,1160.9647711544583,0.5718498455419194,1160.331532490443,0.34617871581960896,0.28705994819587005
22.53601186,1160.311646,1160.5984386096263,-0.2867926096262181,1159.9580602986439,0.35117278817598463,0.2892055228064221
22.54329779,1159.507324,1160.2330625444902,-0.7257385444902411,1159.585411813232,0.3562754962401964,0.29137523501789847
22.55058372,1159.28418,1159.8686464897364,-0.5844664897363145,1159.2135870342086,0.36149000738863246,0.2935694481391213
22.55786965,1159.1795650000001,1159.5051940989463,-0.3256290989461377,1158.8425859615718,0.36681960503648997,0.29578853233798014
22.56515558,1159.0942380000001,1159.1427091538872,-0.0484711538870215,1158.472408595324,0.3722676937657484,0.2980328647973565
22.57244151,1158.554199,1158.781195570057,-0.22699657005705376,1158.1030549354628,0.37783780471894185,0.30030282987521423
22.57972743,1158.209106,1158.4206578967035,-0.21155189670344043,1157.7345254872348,0.38353359336896636,0.3025988160996446
22.58701336,1157.8477779999998,1158.061099344931,-0.21332134493127342,1157.3668192390182,0.38935887693452215,0.3049212289783219
22.59429929,1157.882446,1157.7025247632287,0.17992123677140626,1156.9999366971906,0.3953175937730362,0.3072704722650375
22.60158522,1157.753296,1157.3449386635548,0.4083573364453059,1156.63387786175,0.40141384109840017,0.3096469607064115
22.60887115,1157.131592,1156.9883457240219,0.14324627597807194,1156.2686427326976,0.40765187423293864,0.31205111709139177
22.61615708,1156.6040039999998,1156.63275079644,-0.028746796440145772,1155.9042313100326,0.41403611396821993,0.3144833724390651
22.62344301,1156.409668,1156.278158914275,0.1315090857249288,1155.5406435937557,0.4205711543277444,0.31694416619158483
22.63072894,1155.7501220000001,1155.924575301035,-0.17445330103487322,1155.177879583866,0.4272617707568245,0.31943394641241246
22.63801486,1155.166992,1155.5720058623272,-0.40501386232722325,1154.8159397765644,0.4341129192507729,0.3219531665119294
22.64530079,1154.6813960000002,1155.2204552609614,-0.5390592609612668,1154.4548231783197,0.4411297833140718,0.3245022993276957
22.65258672,1154.87439,1154.8699298302502,0.004460169749791021,1154.094530286463,0.448317727192508,0.3270818165946082
22.65987265,1155.039795,1154.5204356473962,0.5193593526037148,1153.7350611009942,0.45568234344640096,0.3296922029555269
22.66715858,1154.9376220000001,1154.1719790290947,0.7656429709054464,1153.376415621913,0.46322945443024865,0.33233395275125366
22.67444451,1154.426758,1153.824566543159,0.6021914568409557,1153.018593849219,0.4709651236857865,0.33500757025426514
22.68173044,1154.4123539999998,1153.47820502082,0.9341489791797812,1152.6615957829135,0.4788956679975928,0.3377135699090214
22.68901637,1154.08728,1153.13290156973,0.954378430270026,1152.305421422995,0.4870276701556408,0.3404524765791037
22.69630229,1153.7733150000001,1152.788664059472,0.9846509405281267,1151.95007125662,0.4953679808789376,0.3432248219730907
22.70358822,1152.367554,1152.4454992477297,-0.0779452477297582,1151.5955443083467,0.5039237792110158,0.3460311601720433
22.71087415,1151.549316,1152.1034156305664,-0.5540996305662702,1151.2418410664618,0.5127025190354002,0.3488720450690973
22.71816008,1150.923828,1151.7624215674546,-0.838593567454609,1150.8889615309636,0.5217119906713785,0.35174804581966107
22.72544601,1150.7148439999999,1151.4225257718576,-0.7076817718577786,1150.5369057018534,0.5309603266601062,0.35465974334406514
22.73273194,1150.529419,1151.0837373296588,-0.5543183296588268,1150.1856735791312,0.5404560199070921,0.3576077306205004
22.74001787,1150.692139,1150.7460657187341,-0.05392671873414656,1149.8352651627947,0.5502079429529932,0.36059261298647294
22.7473038,1150.208618,1150.4095208297508,-0.20090282975093032,1149.485680452848,0.5602253684535015,0.36361500844910977
22.75458972,1149.694336,1150.0741134478149,-0.37977744781483125,1149.1369199274022,0.5705179766351965,0.3666755437774776
22.76187565,1149.2695310000001,1149.7398534361303,-0.47032243613011815,1148.7889826291002,0.5810959353439039,0.36977487168610146
22.76916158,1149.030396,1149.4067525231217,-0.376356523121558,1148.4418690371863,0.5919698399642339,0.37291364597117804
22.77644751,1148.924561,1149.0748224860622,-0.15026148606216339,1148.095579151659,0.6031507957949235,0.3760925386083614
22.78373344,1148.492798,1148.7440756405542,-0.2512776405542354,1147.7501129725188,0.6146504320979365,0.37931223593756236
22.79101937,1148.238159,1148.4145248707362,-0.17636587073616283,1147.4054704997675,0.6264809319358474,0.3825734390328519
22.7983053,1147.049438,1148.0861836614908,-1.0367456614908406,1147.0616517334047,0.6386550640026901,0.3858768640834942
22.80559123,1146.872925,1147.759066132817,-0.8861411328171016,1146.718656673429,0.6511862166015211,0.38922324278654713
22.81287715,1146.301636,1147.433187522943,-1.1315515229430275,1146.3764857889096,0.6640884159651687,0.39261331806812827
22.82016308,1146.43457,1147.1085624401298,-0.6739924401299504,1146.0351381405785,0.6773764363795864,0.39604786317176227
22.82744901,1145.969604,1146.7852075882456,-0.8156035882457218,1145.6946141986346,0.6910657354390124,0.39952765417214164
22.83473494,1146.28418,1146.4631400207747,-0.1789600207746389,1145.3549139630782,0.7051725687281525,0.40305348896853116
22.84202087,1146.0991210000002,1146.142377636922,-0.0432566369217966,1145.0160374339116,0.7197140198917572,0.40662618311864174
22.8493068,1146.0942380000001,1145.8229392329895,0.2712987670106486,1144.6779846111308,0.7347080515493066,0.4102465703094797
22.85659273,1145.387573,1145.5048445574655,-0.11727155746552853,1144.3407554947398,0.7501735598827614,0.4139155028428742
22.86387866,1145.564819,1145.1881143700734,0.37670462992650755,1144.004350084735,0.7661304332021378,0.41763385213626486
22.87116458,1145.486572,1144.8727709370296,0.613801062970424,1143.6687688411416,0.7825995918561153,0.4214025040317885
22.87845051,1145.819946,1144.5588363697668,1.2611096302332498,1143.3340108427815,0.7996031468971825,0.42522238008807495
22.88573644,1145.873169,1144.2463352950356,1.6268337049643833,1143.0000765508098,0.8171643371289483,0.42909440709687463
22.89302237,1145.814575,1143.9352932004208,1.879281799579303,1142.6669659652262,0.8353076969246863,0.4330195382700535
22.9003083,1145.419434,1143.62573695283,1.7936970471698714,1142.3346790860296,0.8540591181130381,0.4369987486874148
22.90759423,1144.513672,1143.3176948897553,1.195977110244712,1142.0032159132206,0.8734459406335677,0.4410330359012118
22.91488016,1143.950073,1143.011196917656,0.9388760823439952,1141.6725764468006,0.8934970502952019,0.4451234205602068
22.92216609,1143.236328,1142.7062746180984,0.5300533819015527,1141.3427606867672,0.9142429842772763,0.44927094705406345
22.92945202,1143.0974119999998,1142.402961362378,0.6944506376219124,1141.0137686331218,0.9357160450773836,0.4534766841787695
22.93673794,1142.610596,1142.1012928482685,0.5093031517315012,1140.685600735712,0.9579503926276492,0.4577417199289305
22.94402387,1142.432861,1141.8013055800661,0.6315554199338749,1140.3582560937116,0.9809823006503696,0.46206718570405647
22.9513098,1141.01123,1141.5030394979349,-0.49180949793480977,1140.0317351580989,1.0048501179143883,0.46645422192154756
22.95859573,1140.06543,1141.2065364765433,-1.1411064765432002,1139.7060379288737,1.0295945455628575,0.47090400210666206
22.96588166,1138.970825,1140.9118409106275,-1.9410159106273568,1139.3811644060365,1.0552587767279125,0.47541772786296926
22.97316759,1139.168335,1140.618999899928,-1.450664899927915,1139.0571145895874,1.0818886806586123,0.47999662968195805
22.98045352,1139.0561519999999,1140.3280634501104,-1.271911450110565,1138.7338884795254,1.1095330028051502,0.4846419677800347
22.98773945,1139.463989,1140.0390846912605,-0.5750956912604579,1138.41148607585,1.1382435824467194,0.4893550329638981
22.99502537,1138.87793,1139.752120508171,-0.874190508170841,1138.089907819368,1.168075547889008,0.49413714091397815
23.0023113,1139.625366,1139.467230226778,0.15813577322205674,1137.769152827339,1.1990877399804647,0.4989896594584097
23.00959723,1140.091064,1139.184478260101,0.906585739898901,1137.4492215416976,1.231342748251046,0.5039139701523582
23.01688316,1140.807617,1138.9039328385359,1.9036841614640707,1137.1301139624438,1.2649073806664288,0.5089114954256801
23.02416909,1140.392944,1138.625666742398,1.767277257602018,1136.8118300895776,1.2998529597282027,0.513983693092222
23.03145502,1139.583008,1138.3497576709656,1.2332503290344903,1136.494369923099,1.3362556904559963,0.5191320574107202
23.03874095,1139.110596,1138.0762886467148,1.0343073532851577,1136.1777334630087,1.37419706352302,0.524358120183014
23.04602688,1138.547974,1137.805348458593,0.7426255414070511,1135.8619207093052,1.4137642973967357,0.5296634518910001
23.0533128,1138.592651,1137.5370325150977,1.0556184849021975,1135.54693209375,1.4550507659226584,0.535049655425103
23.06059873,1137.798706,1137.271441909675,0.5272640903249339,1135.232766751693,1.4981567609975086,0.5405183969846483
23.06788466,1137.3358150000001,1137.008686219159,0.3271287808411216,1134.9194251160225,1.543189740147949,0.5460713629885955
23.07517059,1136.248657,1136.7488826755114,-0.500225675511274,1134.6069071867378,1.59026519793271,0.5517102908409349
23.08245652,1136.12854,1136.492157251403,-0.36361725140295675,1134.2952129638452,1.639507324607796,0.557436962949913
23.08974245,1135.920288,1136.2386454505192,-0.3183574505192155,1133.9843424473374,1.6910497950485732,0.5632532081333268
23.09702838,1136.766602,1135.9884931817282,0.7781088182716758,1133.6742956372173,1.745036641435702,0.5691609030752945
23.10431431,1136.486084,1135.741857727208,0.7442262727918205,1133.3650725334865,1.8016232198850828,0.5751619738365743
23.11160023,1136.729248,1135.4989091469968,1.2303388530033317,1133.056673558859,1.8609771991507653,0.5812583889870343
23.11888616,1136.280884,1135.2598301426644,1.0210538573355734,1132.749097866771,1.9232800810634552,0.5874521948299884
23.12617209,1136.807495,1135.0248193846319,1.7826756153681345,1132.4423458810716,1.9887280366731641,0.5937454668871802
23.13345802,1136.056763,1134.7940916501989,1.2626713498011668,1132.1364176017605,2.05753370345571,0.6001403449827201
23.14074395,1135.860352,1134.5678798073075,1.2924721926924576,1131.8313130288361,2.129927751715179,0.6066390267561249
23.14802988,1135.338867,1134.3464366553474,0.9924303446525755,1131.527032162301,2.206160723500443,0.6132437695457272
23.15531581,1135.163696,1134.1300369848202,1.0336590151798646,1131.2235750021528,2.2865050903234865,0.6199568923440545
23.16260174,1134.6679689999999,1133.9189798855732,0.7489891144266494,1130.9209415483929,2.3712575593521334,0.6267807778282376
23.16988766,1135.53418,1133.713591615586,1.8205883844141226,1130.6191322146906,2.460741536026596,0.633717864868798
23.17717359,1135.994385,1133.5142273941506,2.4801576058493993,1130.3181461725753,2.5553105326151866,0.6407706889599449
23.18445952,1136.3122560000002,1133.321276374759,2.9909796252411525,1130.0179838368476,2.6553507105376526,0.6479418273736324
23.19174545,1135.877197,1133.1351642103816,2.7420327896184062,1129.7186452075084,2.761285063422669,0.6552339394506195
23.19903138,1135.360229,1132.9563575220247,2.4038714779751444,1129.4201302845559,2.8735774778524794,0.6626497596164482
23.20631731,1135.0253910000001,1132.785368633902,2.2400223660981737,1129.1224390679918,2.9927374659722172,0.670192099937936
23.21360324,1134.669067,1132.622760943589,2.04630605641114,1128.8255715578143,3.119325532992846,0.6778638527817826
23.22088917,1134.3790279999998,1132.4691550233135,1.9098729766863016,1128.5295277540263,3.2539592757074987,0.685667993579852
23.22817509,1133.325195,1132.3252357550273,0.9999592449726151,1128.23430806125,3.3973201210625796,0.6936075727146342
23.23546102,1132.303467,1132.1917594721276,0.1117075278723405,1127.9399116691066,3.550162040734308,0.7016857622867413
23.24274695,1130.9321289999998,1132.069564192398,-1.137435192398243,1127.6463389833498,3.7133194151936864,0.7099057938545807
23.25003288,1131.014038,1131.9595791665147,-0.9455411665146585,1127.3535900039815,3.8877181574570234,0.71827100507619
23.25731881,1130.685791,1131.8628369524995,-1.177045952499384,1127.0616647309998,4.074387389215718,0.7267848322839536
23.26460474,1132.066895,1131.7804870494542,0.28640795054570845,1126.7705631644076,4.274473071043457,0.7354508140031767
23.27189067,1132.231201,1131.7138115841074,0.5173894158926942,1126.480285304201,4.489253685288418,0.7442725946178584
23.2791766,1133.467285,1131.6642433894765,1.8030416105234508,1126.190831150384,4.720158310901922,0.7532539281906012
23.28646252,1132.5665279999998,1131.6333869020202,0.9331410979796146,1125.9022010985364,4.968787133704869,0.7623986697790301
23.29374845,1132.438477,1131.623042141202,0.8154348587979712,1125.614394356363,5.236936954823811,0.7717108300151532
23.30103438,1131.163574,1131.6352328905189,-0.4716588905189383,1125.327411320578,5.526627065805873,0.7811945041349929
23.30832031,1131.2282710000002,1131.6722388555872,-0.4439678555870614,1125.0412519911806,5.840132937938163,0.7908539264684596
23.31560624,1130.787964,1131.7366332417741,-0.9486692417740414,1124.7559163681708,6.180023410891014,0.8006934627124379
23.32289217,1130.509399,1131.8313262860179,-1.3219272860178535,1124.4714044515495,6.549204219620856,0.8107176148475496
23.3301781,1130.216919,1131.9596157584883,-1.7426967584883641,1124.1877162413148,6.9509684909028095,0.8209310262708409
23.33746403,1131.1657710000002,1132.1252455103095,-0.9594745103092919,1123.9048517374667,7.389055285687625,0.8313384871551257
23.34474995,1131.524658,1132.3324729318153,-0.807814931815301,1123.622811326547,7.86771667991809,0.8419449253503327
23.35203588,1131.2854,1132.5861483933852,-1.30074839338522,1123.3415942343454,8.391798688306803,0.8527554707330938
23.35932181,1130.749146,1132.8918035188542,-2.1426575188540937,1123.0612008485314,8.966827296338916,0.8637753739839266
23.36660774,1131.119507,1133.2557550699657,-2.1362480699656317,1122.7816311691058,9.599113829935952,0.8750100709240726
23.37389367,1131.424927,1133.685221112038,-2.260294112038082,1122.502885196067,10.295870741195715,0.8864651747753589
23.3811796,1132.122437,1134.1884510944421,-2.066014094442153,1122.2249629294147,11.0653416818811,0.8981464831463049
23.38846553,1133.345337,1134.7748683289371,-1.4295313289371734,1121.9478643691518,11.916943974444317,0.9100599853410831
23.39575146,1134.234741,1135.4552213478344,-1.220480347834382,1121.6715895152774,12.86141996254872,0.9222118700082937
23.40303738,1135.4803470000002,1136.2417357398197,-0.7613887398194947,1121.3961387452846,13.910988478572769,0.9346085159623945
23.41032331,1136.064819,1137.1482600185354,-1.0834410185354955,1121.121511303054,15.07949214652119,0.9472565689602266
23.41760924,1136.9295650000001,1138.1903664168262,-1.260801416826098,1120.8477075672108,16.382496001205876,0.9601628484095132
23.42489517,1137.407837,1139.3853912015359,-1.9775542015358951,1120.5747275377553,17.83732923949848,0.9733344242820287
23.4321811,1139.338745,1140.7523404368371,-1.413595436837113,1120.3025712146873,19.462990612237256,0.9867786099125534
23.43946703,1140.8240970000002,1142.3115780210624,-1.4874810210621945,1120.0312385980087,21.279836450944014,1.0005029721097363
23.44675296,1143.913452,1144.0841625040769,-0.17071050407685107,1119.7607296877168,23.308917474600033,1.0145153417600088
23.45403889,1145.919312,1146.0906436861287,-0.17133168612872396,1119.4910444838133,25.570775377363418,1.028823824951963
23.46132481,1148.966431,1148.349059871774,0.6173711282260683,1119.2221833547474,28.083439722645284,1.043436794381427
23.46861074,1150.803589,1150.8718350556176,-0.06824605561746466,1118.9541455624867,30.859326510882468,1.0583629822484726
23.47589667,1154.344971,1153.661179947447,0.6837910525530333,1118.6869314766154,33.900637098024816,1.0736113728067016
23.4831826,1157.078735,1156.7027829851347,0.3759520148653337,1118.4205410971317,37.193050592325534,1.0891912956773642
23.49046853,1160.5522460000002,1159.9577561044905,0.594489895509696,1118.1549744240356,40.69766926024354,1.1051124202114613
23.49775446,1163.8321529999998,1163.353510344773,0.47864265522684946,1117.890231457328,44.34189411701989,1.1213847704250837
23.50504039,1167.559937,1166.7753389362258,0.7845980637741832,1117.6263121970069,48.011007998513314,1.1380187407055795
23.51232632,1170.531982,1170.06199486909,0.4699871309098853,1117.3632166430752,51.54375311368074,1.155025112334025
23.51961224,1173.261841,1173.0098542093665,0.25198679063350937,1117.1009451549344,54.736494007695406,1.1724150467366925
23.52689817,1175.393066,1175.3901470709307,0.0029189290694375813,1116.8394970126465,57.36044985849932,1.1902001997849694
23.5341841,1177.245605,1176.980581934221,0.2650230657791326,1116.578872576746,59.19331675958453,1.2083925978901984
23.54147003,1177.914795,1177.606500512693,0.3082944873069664,1116.3190718472342,60.06042391221786,1.2270047532409496
23.54875596,1177.448608,1177.1795176238575,0.2690903761424579,1116.06009482411,59.87337313813996,1.2460496616076746
23.55604189,1176.241577,1175.7190342366432,0.5225427633567961,1115.8019415073732,58.651551904356694,1.2655408249133202
23.56332782,1173.37439,1173.3474107174322,0.02697928256770865,1115.544611897024,56.51730654536732,1.2854922750409716
23.57061375,1170.257202,1170.2609246996838,-0.0037226996837489423,1115.2881059930633,53.66690010766425,1.3059185989561921
23.57789967,1166.2928470000002,1166.6885701593133,-0.39572315931309276,1115.0324241458484,50.32931107728841,1.3268349361765568
23.5851856,1162.40918,1162.853194027975,-0.4440140279748448,1114.7775656535332,46.727371252161596,1.3482571222802187
23.59247153,1157.653687,1158.944768446351,-1.2910814463509723,1114.5235308676038,43.051036032463585,1.37020154628371
23.59975746,1154.182983,1155.10813465808,-0.9251516580800399,1114.2703197880628,39.44512957396151,1.3926852960556966
23.60704339,1150.397705,1151.4424240441388,-1.0447190441386738,1114.0179324149094,36.00876546620314,1.415726163026162
23.61432932,1147.331909,1148.0073568094508,-0.6754478094508158,1113.7663687481445,32.80164538412639,1.4393426771799063
23.62161525,1143.182007,1144.8322005526775,-1.650193552677365,1113.5156287877662,29.853017620816964,1.4635541440944007
23.62890118,1140.898682,1141.9246521930295,-1.0259701930294796,1113.2657125337764,27.170558975094043,1.4883806841590168
23.6361871,1138.920044,1139.2783168289416,-0.35827282894160817,1113.0166203274894,24.747853262722437,1.513843238729834
23.64347303,1137.845215,1136.8783831256803,0.9668318743197233,1112.7683514851442,22.57006788571173,1.539963754824467
23.65075896,1135.657104,1134.705672190999,0.951431809000951,1112.5209063491866,20.61800081963358,1.5667650221788516
23.65804489,1133.6560060000002,1132.7393063677434,0.9166996322567229,1112.2742849196165,18.87075058645397,1.594270861672866
23.66533082,1131.393433,1130.958399218362,0.4350337816379124,1112.028487196435,17.307405878516,1.6225061434110846
23.67261675,1129.344971,1129.3430434794411,0.0019275205588655808,1111.783513179641,15.908033457230914,1.6514968425693075
23.67990268,1127.268311,1127.8748324759365,-0.6065214759364608,1111.5393628692345,14.6541995079683,1.6812700987336118
23.68718861,1126.450684,1126.5370826561452,-0.08639865614532027,1111.2960362652138,13.529192111948506,1.711854278982816
23.69447453,1125.454468,1125.3148746592062,0.1395933407936809,1111.0535336998555,12.518061958085777,1.743279001265002
23.70176046,1124.661133,1124.1949803225682,0.4661526774318645,1110.8118545074813,11.60755043561359,1.7755753794734572
23.70904639,1123.849365,1123.1657502049432,0.6836147950568829,1110.5709990214955,10.78597534268569,1.8087758407620387
23.71633232,1123.043945,1122.216959341315,0.8269856586848618,1110.3309672418973,10.043077721542307,1.842914377875514
23.72361825,1122.168823,1121.339655530182,0.8291674698180032,1110.0917591686857,9.369869768535942,1.8780265929603612
23.73090418,1121.098755,1120.526010601025,0.572744398974919,1109.8533748018617,8.758486009486456,1.9141497896767772
23.73819011,1121.026733,1119.7691821398357,1.2575508601642014,1109.615814141427,8.202044926901742,1.9513230715069168
23.74547604,1119.7070310000001,1119.063188262187,0.6438427378132019,1109.3790771873792,7.694523628069217,1.9895874467386303
23.75276196,1118.5936279999999,1118.4027970258012,0.19083097419866135,1109.1431642629477,7.230646877079739,2.0289858857737326
23.76004789,1117.86377,1117.783424809235,0.08034519076500146,1108.9080747205453,6.805786429771108,2.0695636589186215
23.76733382,1118.1834720000002,1117.201056164011,0.9824158359890589,1108.6738088845304,6.41587913911954,2.1113681403610385
23.77461975,1118.232788,1116.652165856407,1.5806221435930183,1108.4403667549013,6.05734994127142,2.1544491602342637
23.78190568,1118.455688,1116.1336555665634,2.3220324334365614,1108.2077483316616,5.7270481363825105,2.198859098519413
23.78919161,1118.287476,1115.6427984620977,2.6446775379022256,1107.9759536148104,5.422191804452928,2.2446530428345217
23.79647754,1117.4726560000001,1115.1771914379028,2.2954645620973224,1107.7449826043458,5.140319875853207,2.291888957703926
23.80376347,1115.932861,1114.7347139870506,1.1981470129494483,1107.5148353002696,4.879250820511832,2.3406278662691715
23.81104939,1114.627197,1114.313493349451,0.3137036505490869,1107.285512016765,4.63704735734228,2.3909339753436614
23.81833532,1113.66687,1113.911871723709,-0.24500172370903783,1107.0570121243327,4.41198443579319,2.442875163583161
23.82562125,1113.675293,1113.5283834423753,0.1469095576246673,1106.8293359382888,4.202524710963798,2.496522793122899
23.83290718,1113.616821,1113.1617299586005,0.45509104139955525,1106.6024834586333,4.007294273385569,2.5519522265815486
23.84019311,1113.464966,1112.810760865987,0.6542051340129547,1106.3764546853645,3.8250631596037663,2.6092430210187465
23.84747904,1112.719604,1112.4744569892453,0.24514701075463563,1106.151249618485,3.654728160397454,2.6684792103627784
23.85476497,1113.249268,1112.1519157636571,1.0973522363428856,1105.9268682579914,3.495297895460114,2.7297496102056003
23.8620509,1113.161987,1111.842338584677,1.3196484153229449,1105.703310603887,3.345879833784831,2.7931481470050272
23.86933682,1113.481445,1111.5450202563948,1.93642474360513,1105.4805769613076,3.2056691727885447,2.858774122298477
23.87662275,1112.996948,1111.259337893009,1.737610106991042,1105.258666718848,3.073938213132339,2.9267329610286157
23.88390868,1112.555176,1110.9847451551084,1.570430844891689,1105.0375801827759,2.9500288840999644,2.9971360882324904
23.89119461,1112.2773439999999,1110.7207634964034,1.5565805035964786,1104.8173173530904,2.8333444053533348,3.0701017379596953
23.89848054,1111.869263,1110.4669764388802,1.4022865611198085,1104.5978782297934,2.723342854167284,3.1457553549194626
23.90576647,1112.1171880000002,1110.223024275406,1.8941637245941365,1104.379262812885,2.619531335811525,3.2242301267096423
23.9130524,1112.10791,1109.9885995140921,2.1193104859078176,1104.161471102363,2.5214608494611723,3.3056675622679474
23.92033833,1112.095337,1109.7634429779514,2.331894022048573,1103.9445030982297,2.4287217585514176,3.390218121170371
23.92762426,1111.895264,1109.5473404867482,2.3479235132517715,1103.7283588004839,2.3409397873351336,3.478041898929267
23.93491018,1111.513062,1109.3401203378746,2.1729416621253677,1103.5130385040893,2.257772587462798,3.5693092463226064
23.94219611,1110.988525,1109.1416498524284,1.846875147571609,1103.2985416179872,2.178906144117487,3.6642020903235966
23.94948204,1110.798462,1108.9518351791078,1.8466268208921974,1103.0848684382745,2.1040526674385647,3.762914073394771
23.95676797,1110.8863529999999,1108.7706186332048,2.1157343667950954,1102.8720189649484,2.0329476448582096,3.8656520233980665
23.9640539,1111.226318,1108.597977838082,2.628340161918004,1102.6599931980109,1.9653477431515385,3.972636896919565
23.97133983,1111.158203,1108.4339249161517,2.724278083848276,1102.4487911374608,1.9010288308115073,4.0841049478794
23.97862576,1110.977051,1108.278506002942,2.6985449970579793,1102.2384127832966,1.8397842097406698,4.200309009904884
23.98591169,1110.9477539999998,1108.1318010724294,2.815952927570379,1102.0288581355226,1.7814230316722757,4.321519905234654
23.99319761,1110.405518,1107.9939242496812,2.4115937503188434,1101.820127480055,1.725768952491124,4.448027817135137
24.00048354,1110.049683,1107.865023497259,2.184659502740942,1101.6122202439255,1.6726585547260373,4.580144698607507
24.00776947,1109.385986,1107.7452824859774,1.6407035140225616,1101.4051367141838,1.6219406580297446,4.71820511376405
24.0150554,1108.696533,1107.6349208708866,1.0616121291134277,1101.1988768908286,1.5734749765562652,4.862569003501766
24.02234133,1108.664917,1107.5341958530882,1.1307211469118101,1100.993440773861,1.5271312648061686,5.013623814420935
24.02962726,1108.908325,1107.4434038832253,1.4649211167748035,1100.788828363282,1.482788475483219,5.171787044460244
24.03691319,1108.283936,1107.3628827227774,0.9210532772226543,1100.5850396590913,1.4403339978317578,5.337509065854311
24.04419912,1107.7855220000001,1107.2930138893983,0.49250811060187516,1100.3820746612882,1.399662967871158,5.51127626023888
24.05148504,1107.677612,1107.2342255913763,0.4433864086236099,1100.1799336467475,1.360677695343402,5.693614249285488
24.05877097,1108.257202,1107.1869957366018,1.0702062633981768,1099.97861606059,1.3232868841847727,5.885092791827135
24.0660569,1108.283569,1107.1518562356819,1.131712764318081,1099.7781221808173,1.2874054372448165,6.086328617619753
24.07334283,1108.160889,1107.1293970373742,1.0314919626257506,1099.578452007434,1.2529537703793188,6.297991259560878
24.08062876,1108.631714,1107.1202712115207,1.5114427884793713,1099.3796055404382,1.21985743913288,6.52080823194957
24.08791469,1108.6954349999999,1107.1252006395725,1.570234360427321,1099.181582779831,1.1880467483782382,6.755571111363307
24.09520062,1108.850952,1107.144982489444,1.7059695105560877,1098.9843837256112,1.1574563958569948,7.003142367975724
24.10248655,1108.5627439999998,1107.1804965780918,1.382247421908005,1098.788008377779,1.1280251463234492,7.264463053989401
24.10977247,1108.4438480000001,1107.2327136590968,1.2111343409032997,1098.5924570041643,1.0996955714995182,7.540561083433077
24.1170584,1108.213623,1107.302705253206,0.9109177467939844,1098.3977290679777,1.072413622896187,7.832562562332308
24.12434433,1108.102661,1107.3916540575892,0.7110069424106769,1098.2038248381778,1.0461286145011337,8.141700604910284
24.13163026,1108.376099,1107.5008665552257,0.8752324447743831,1098.0107443147663,1.020792835889641,8.469329404569676
24.13891619,1108.752441,1107.6317870406856,1.1206539593144953,1097.8184874977424,0.9963613805820476,8.816938162361197
24.14620212,1108.956909,1107.7860137131795,1.170895286820496,1097.627054387105,0.9727919517414824,9.186167374332829
24.15348805,1108.772705,1107.965317093895,0.8073879061050775,1097.4364449828572,0.9500446833083286,9.578827427729555
24.16077398,1109.149292,1108.1716611423421,0.977630857657914,1097.246659284997,0.9280819751936625,9.996919882151591
24.1680599,1109.420654,1108.4072271712666,1.0134268287333725,1097.057697552309,0.9068683699078477,10.44266124904985
24.17534583,1109.752686,1108.6744431089749,1.0782428910251838,1096.8695592660933,0.8863702968395887,10.918513546041913
24.18263176,1109.533936,1108.9760137924952,0.5579222075048165,1096.6822446862643,0.8665561172764064,11.427212988954507
24.18991769,1108.5389400000001,1109.3149594933634,-0.7760194933632647,1096.4957538128238,0.8473958871326925,11.971809793406935
24.19720362,1108.0780029999999,1109.6946588368976,-1.6166558368977348,1096.3100866457717,0.8288612756781963,12.555710915447817
24.20448955,1107.50061,1110.1188990474648,-2.618289047464714,1096.1252431851062,0.8109254628357246,13.182730399522834
24.21177548,1107.689575,1110.5919345139798,-2.902359513979718,1095.9412234308293,0.7935630439895885,13.857148039161054
24.21906141,1108.040039,1111.1185552411573,-3.078516241157331,1095.7580273829399,0.7767499416863604,14.583777916531147
24.22634733,1109.377197,1111.704166234416,-2.326969234416083,1095.575655291179,0.7604633456686511,15.368047597568577
24.23363326,1110.328125,1112.3548851058342,-2.026760105834228,1095.3941066549341,0.7446815480386854,16.216096902861352
24.24091919,1111.422607,1113.0776484545054,-1.6550414545054082,1095.2133817250779,0.7293840065403139,17.1348827228872
24.24820512,1112.3786619999998,1113.8803464735392,-1.5016844735393988,1095.0334805016082,0.7145511885936963,18.132314783337417
24.25549105,1113.049316,1114.771978134883,-1.7226621348829667,1094.8544029845261,0.7001645326841641,19.217410617672755
24.26277698,1113.362793,1115.7628367133323,-2.400043713332252,1094.6761491738325,0.6862063912314877,20.40048114826818
24.27006291,1113.762939,1116.8647311614886,-3.1017921614886745,1094.4987190695265,0.6726599773267922,21.693352114635307
24.27734884,1114.293945,1118.091251043246,-3.7973060432461807,1094.322112671607,0.6595093150417691,23.109629056597274
24.28463476,1115.013794,1119.4580825188607,-4.444288518860731,1094.1463302207758,0.6467392103128757,24.665013087772085
24.29192069,1116.322632,1120.9833986696622,-4.660766669662053,1093.971371234502,0.6343351380242155,26.377692297136054
24.29920662,1118.6347660000001,1122.6883098532714,-4.0535438532713215,1093.7972359546156,0.6222833066345439,28.2687905920213
24.30649255,1120.836914,1124.59742893366,-3.7605149336600334,1093.6239243811178,0.6105705496843238,30.362934002857926
24.31377848,1123.195923,1126.739544978197,-3.543621978197052,1093.4514365140085,0.5991843081231171,32.68892415606545
24.32106441,1125.605591,1129.1484416639935,-3.5428506639934767,1093.279772353285,0.5881125971049416,35.28055671360355
24.32835034,1128.916992,1131.8638886132123,-2.9468966132124024,1093.1089318989489,0.5773439748750742,38.177612739388366
24.33563627,1132.9938960000002,1134.9328401088965,-1.938944108896294,1092.9389151510022,0.5668675135994518,41.427057444294704
24.34292219,1137.63916,1138.4108738672053,-0.7717138672053352,1092.769722341097,0.5566727858035225,45.08447874030477
24.35020812,1142.6563720000001,1142.3639375782682,0.29243442173196854,1092.601353004794,0.5467497831060321,49.2158347903682
24.35749405,1147.7073970000001,1146.8703615124084,0.8370354875917201,1092.4338073748804,0.5370889760305549,53.89946516149752
24.36477998,1153.079346,1152.02324285103,1.0561031489698962,1092.2670854513535,0.5276812349992785,59.22847616467725
24.37206591,1160.100342,1157.9330958036319,2.167246196368069,1092.1011872342124,0.5185178232064142,65.31339074621316
24.37935184,1168.345825,1164.730664712182,3.615160287818071,1091.9361127234615,0.5095903765729425,72.28496161214755
24.38663777,1177.923096,1172.5695875089723,5.353508491027696,1091.7718619190982,0.500890884881385,80.2968347049926
24.3939237,1188.995483,1181.6282797100475,7.367203289952386,1091.6084348211225,0.49241167401198355,89.52743321491299
24.40120962,1201.1442869999998,1192.1098345806195,9.034452419380386,1091.445831652144,0.4841454004104025,100.17985752806503
24.40849555,1215.317749,1204.2379097876121,11.079839212387924,1091.284051965813,0.4760849902255931,112.4777728315735
24.41578148,1230.796509,1218.244795115832,12.551713884168066,1091.1230959858685,0.4682236924940326,126.65347543746948
24.42306741,1247.6311039999998,1234.3462538311776,13.284850168822231,1090.9629637123135,0.4605550194434044,142.92273509942078
24.43035334,1265.163574,1252.6946741498439,12.468899850156049,1090.803655145146,0.45307274473651843,161.43794625996145
24.43763927,1283.326172,1273.3004316288334,10.025740371166648,1090.645170284366,0.4457708909625259,182.20949045350483
24.4449252,1301.896606,1295.9130387517748,5.983567248225199,1090.4875091299737,0.43864371781912503,204.9868859039821
24.45221113,1320.500854,1319.8654047583914,0.6354492416085122,1090.3306716819698,0.4316857109425488,229.10304736547909
24.45949705,1338.603638,1343.914777118141,-5.311139118141,1090.1746581539155,0.4248915805600543,253.3152273836654
24.46678298,1356.273071,1366.1653818102793,-9.892310810279241,1090.0194681175562,0.4182562144236132,275.72765747829953
24.47406891,1370.654663,1384.2044750685495,-13.5498120685495,1089.8651017875845,0.4117747242927463,293.9275985566722
24.48135484,1380.9748539999998,1395.5589659837428,-14.584111983743014,1089.7115591640004,0.40544239946406707,305.44196442027845
24.48864077,1385.9689939999998,1398.4091846817946,-12.440190681794775,1089.5588402468038,0.39925470772644006,308.45108972726445
24.4959267,1385.621826,1392.2456805288798,-6.623854528879747,1089.4069450359957,0.39320728732425375,302.44552820556
24.50321263,1378.586182,1378.0710954501792,0.5150865498208077,1089.2558735315743,0.3872959393388036,288.4279259792661
24.51049856,1366.4311519999999,1358.0101600708826,8.420991929117235,1089.1056257335413,0.38151662046313845,268.5230177168782
24.51778448,1348.935791,1334.5867225374877,14.349068462512378,1088.9562018464158,0.37586544381743603,245.25465524725465
24.52507041,1327.863159,1310.0733783768796,17.78978062312035,1088.8076014600265,0.370338641594682,220.89543827525858
24.53235634,1304.880981,1286.1476443663817,18.733336633618364,1088.6598247800257,0.3649326054138338,197.12288698094218
24.53964227,1280.682007,1263.843256658144,16.838750341856212,1088.5128718064134,0.3596438492580138,174.97074100247252
24.5469282,1256.755493,1243.6682135516812,13.087279448318668,1088.3667425391877,0.3544690117434125,154.9470020007501
24.55421413,1234.186768,1225.7692807388885,8.417487261111546,1088.2214369783505,0.34940485082069994,137.19843890971714
24.56150006,1213.690552,1210.0770819064078,3.613470093592241,1088.0769551239018,0.344448238736898,121.65567854376894
24.56878599,1194.6796880000002,1196.4108946590854,-1.7312066590852737,1087.933296975838,0.3395961572431888,108.13800152600437
24.57607191,1178.161987,1184.5454357860754,-6.383448786075405,1087.7904627296402,0.33484569948665277,96.42012735694853
24.58335784,1164.595703,1174.2492759549793,-9.653572954979381,1087.6484519932237,0.33019403972981726,86.27062992202582
24.59064377,1152.895874,1165.3048578118912,-12.408983811891176,1087.5072649631948,0.3256384683324944,77.47195438036388
24.5979297,1142.647827,1157.517173337518,-14.869346337517982,1087.3669016395525,0.3211763616003543,69.82909533636511
24.60521563,1133.9061279999999,1150.716262541194,-16.810134541194202,1087.2273620222986,0.3168051846235179,63.172095334271944
24.61250156,1127.146118,1144.7564539442158,-17.610335944215876,1087.0886461114314,0.3125224877018298,57.35528534508248
24.61978749,1122.3048099999999,1139.514119328061,-17.20930932806118,1086.9507539069546,0.30832590293665446,52.25503951816985
24.62707342,1118.0727539999998,1134.8849093644683,-16.81215536446848,1086.8136854088616,0.304213140980384,47.767010814626396
24.63435934,1114.227295,1130.7809758889834,-16.553680888983536,1086.6774408035908,0.3001819934131417,43.803353091979595
24.64164527,1110.805786,1127.1283841489226,-16.32259814892268,1086.5420197171452,0.2962303077646591,40.29013412401263
24.6489312,1108.5802,1123.8648889247333,-15.284688924733246,1086.4074223370872,0.2923560178815304,37.165110569764686
24.65621713,1106.368286,1120.9379786778366,-14.569692677836656,1086.2736486634167,0.28855711898984837,34.37577289542992
24.66350306,1104.970947,1118.303253928285,-13.33230692828488,1086.1406986961329,0.28483167070673365,31.87772356144524
24.67078899,1103.6040039999998,1115.9230702485288,-12.319066248528998,1086.0085724352384,0.2811777945782909,29.633320018712176
24.67807492,1102.538818,1113.765413447986,-11.226595447986028,1085.8772698807306,0.27759367172654226,27.610549895528777
24.68536085,1101.093384,1111.8029700780025,-10.70958607800253,1085.7467910326113,0.27407754059985,25.782101504791406
24.69264677,1099.974976,1110.0123625926517,-10.037386592651728,1085.6171360682683,0.27062769951186844,24.124598824871498
24.6999327,1098.85376,1108.3735064409166,-9.519746440916606,1085.4883046317937,0.26724248573529485,22.617959323387694
24.70721863,1098.356323,1106.869101406382,-8.51277840638204,1085.3602969017056,0.2639203019391728,21.24488420273724
24.71450456,1097.563354,1105.484188320777,-7.920834320777203,1085.233112878008,0.26065959527638743,19.990415847492784
24.72179049,1097.55188,1104.205792184686,-6.653912184686078,1085.106752560694,0.2574588603596643,18.84158076363224
24.72907642,1096.6503910000001,1103.0226231956485,-6.372232195648394,1084.9812159497715,0.2543166375339959,17.78709060834301
24.73636235,1096.081543,1101.9248273939654,-5.843284393965405,1084.8565030452355,0.25123151122190157,16.817092837508106
24.74364828,1094.833374,1100.9037780884069,-6.070404088406804,1084.7326138470871,0.24820210833802353,15.922962132981601
24.7509342,1094.813721,1099.9519021328376,-5.138181132837644,1084.6095485236692,0.245227100816247,15.097126508352071
24.75822013,1094.260742,1099.062527544166,-4.801785544166023,1084.4873067371673,0.24230518789525884,14.33291561910338
24.76550606,1094.515625,1098.2297670350997,-3.7141420350997123,1084.3658886570502,0.23943511921877045,13.624443258830738
24.77279199,1093.649292,1097.4484074725679,-3.7991154725677916,1084.2452942833224,0.23661567709072762,12.966497512154756
24.78007792,1093.020752,1096.7138218659477,-3.693069865947791,1084.1255236159823,0.23384567931075828,12.354452570654734
24.78736385,1092.592529,1096.021893252253,-3.429364252252981,1084.0065766550306,0.23112397794133568,11.784192619281031
24.79464978,1093.344971,1095.3689496762063,-2.0239786762062977,1083.8884534004656,0.22844945812455852,11.252046817616263
24.80193571,1092.990112,1094.7517084883298,-1.7615964883298147,1083.771153852289,0.22582103694626773,10.754733599094557
24.80922163,1092.54895,1094.1672292724022,-1.6182792724021056,1083.654678169797,0.2232376658606002,10.289313436744527
24.81650756,1090.8530269999999,1093.6128694580946,-2.759842458094681,1083.5390260332651,0.22069831552166702,9.853145109307722
24.82379349,1090.526855,1093.0862535208432,-2.5593985208431604,1083.4241976031208,0.2182019960493278,9.443853921673227
24.83107942,1090.057495,1092.5852388951503,-2.5277438951502518,1083.3101928793649,0.21574774181924158,9.059298273966187
24.83836535,1090.272095,1092.1078900246548,-1.8357950246547716,1083.1970118619956,0.21333461410990165,8.697543548549342
24.84565128,1089.956909,1091.6524550586137,-1.6955460586136724,1083.0846545510149,0.21096170020925195,8.356838807389515
24.85293721,1090.1209720000002,1091.2173455201137,-1.0963735201135023,1082.9731209464217,0.2086281125556731,8.035596461136446
24.86022314,1089.884888,1090.80111852553,-0.9162305255299543,1082.862411048217,0.20633298791186386,7.732374489401322
24.86750906,1089.627441,1090.4024617353243,-0.7750207353242331,1082.752525006651,0.2040754896431519,7.445861239030266
24.87479499,1088.9748539999998,1090.0201774991676,-1.0453234991678073,1082.643462520091,0.20185479461096043,7.17486018446571
24.88208092,1088.4451900000001,1089.653174084079,-1.2079840840788165,1082.5352237399184,0.19967011102597296,6.918280233134647
24.88936685,1087.4101560000001,1089.3004528313293,-1.890296831329124,1082.4278086661334,0.1975206652958381,6.675123499900082
24.89665278,1087.307739,1088.9610993166175,-1.653360316617409,1082.321217298735,0.1954057044674099,6.444476313414907
24.90393871,1087.833862,1088.6342750254028,-0.8004130254028041,1082.2154496377252,0.1933244955701956,6.225500892107319
24.91122464,1089.0151369999999,1088.3192099654045,0.6959270345953428,1082.110505683103,0.19127632498400485,6.0174279573176905
24.91851057,1089.3321529999998,1088.015196098544,1.3169569014557965,1082.0063854348673,0.18926049782981244,5.819550165846868
24.92579649,1089.1411130000001,1087.7215818869586,1.4195311130415575,1081.903089034232,0.18727634008468522,5.631216512641854
24.93308242,1088.752075,1087.4377654755492,1.3143095244508913,1081.8006161976418,0.18532318716667454,5.451826090740735
24.94036835,1088.921265,1087.1631924432074,1.7580725567925128,1081.6989670674411,0.18340039972794636,5.280824976038357
24.94765428,1089.11499,1086.8973500006186,2.2176399993813902,1081.598141643627,0.18150735219369946,5.117701004797865
24.95494021,1088.674927,1086.6397636545871,2.0351633454129114,1081.4981399262006,0.17964343500023638,4.961980293386421
24.96222614,1088.935181,1086.3899938438092,2.5451871561908774,1081.3989619151598,0.17780805410620854,4.813223874543225
24.96951207,1088.677612,1086.147632912608,2.5299790873918937,1081.3006076105094,0.1760006305211543,4.671024671577517
24.976798,1088.719727,1085.912302384566,2.8074246154340017,1081.2030770122465,0.17422059985065552,4.535004772468787
24.98408393,1088.049316,1085.6836505027857,2.3656654972144224,1081.1063701203711,0.17246741185742057,4.404812970557087
24.99136985,1087.925415,1085.4613503084124,2.4640646915875095,1081.0104870659197,0.1707405323900361,4.2801227101025585
24.99865578,1086.81543,1085.245096418276,1.5703335817240713,1080.915427585689,0.16903943352963377,4.160629399057267
25.00594171,1086.405151,1085.0346050333092,1.37054596669077,1080.821191811845,0.16736360741498926,4.0460496140491164
25.01322764,1086.108032,1084.8296110573942,1.2784209426058624,1080.7277797443894,0.16571255634541165,3.9361187566594444
25.02051357,1087.038696,1084.6298669057392,2.408829094260909,1080.6351913833232,0.16408579480065746,3.8305897276153003
25.0277995,1086.6328119999998,1084.4351411397472,2.1976708602526287,1080.5434267286428,0.16248284908527508,3.72923156201905
25.03508543,1085.950806,1084.2452172239746,1.705588776025479,1080.4524857803508,0.16090325698500685,3.631828186638771
25.04237136,1085.495117,1084.0598923928744,1.4352246071255195,1080.3623685384473,0.15934656743476033,3.5381772869924184
25.04965728,1086.145142,1083.8789768618194,2.266165138180668,1080.273075124922,0.15781234228825256,3.448089394609376
25.05694321,1085.795532,1083.7022918948078,2.093240105192308,1080.184605294662,0.156300147615796,3.361386452529859
25.06422914,1086.5471189999998,1083.529670429351,3.0174485706488667,1080.0969591707908,0.15480956603798943,3.2779016925222417
25.07151507,1086.317017,1083.3609552857113,2.9560617142888077,1080.010136753307,0.15334018798268195,3.197478344421511
25.078801,1086.340576,1083.1959986923496,3.1445773076504793,1079.9241380422109,0.15189161352563046,3.1199690366131643
25.08608693,1085.611938,1083.034661619826,2.5772763801739984,1079.8389630375023,0.15046345211928247,3.0452351302045604
25.09337286,1086.3302,1082.876813168911,3.4533868310891194,1079.754611739182,0.14905532233041527,2.97314610739848
25.10065879,1086.5373539999998,1082.722330007936,3.815023992063743,1079.6710841472495,0.1476668515862818,2.9035790091003504
25.10794471,1087.276733,1082.5710960603205,4.70563693967938,1079.5883803746492,0.14629767779509809,2.836418007876262
25.11523064,1086.9488529999999,1082.423001201674,4.525851798325903,1079.5065001943622,0.1449474416180341,2.7715535656938437
25.12251657,1086.869385,1082.2779420650259,4.591442934974111,1079.4254437204618,0.1436157975135822,2.7088825470505813
25.1298025,1086.291626,1082.1358208002173,4.155805199782662,1079.345210952949,0.14230240597203866,2.648307441296248
25.13708843,1086.528564,1081.9965449085557,4.532019091444226,1079.2658018918255,0.14100693519214672,2.5897360815380006
25.14437436,1085.731934,1081.860026895982,3.8719071040179642,1079.1872165370878,0.13972906087218406,2.5330812980219615
25.15166029,1085.832275,1081.7261839521375,4.106091047862492,1079.1094548887386,0.13846846600763044,2.4782605973913423
25.15894622,1085.048462,1081.5949376531141,3.4535243468858425,1079.032516946777,0.13722484069516067,2.4251958656420323
25.16623214,1085.1621089999999,1081.4662138609233,3.6958951390765833,1078.9564028151044,0.13599788361546702,2.3738131622034366
25.17351807,1084.842163,1081.3399417647004,3.5022212352996576,1078.8811122847874,0.1347872951361501,2.3240421847767867
25.180804,1084.883423,1081.2160547033402,3.667368296659788,1078.8066454608588,0.13359278723686294,2.275816455244551
25.18808993,1084.199585,1081.0944892350176,3.1050957649824795,1078.7330023433178,0.13241407657804477,2.229072815121828
25.19537586,1083.8792720000001,1080.9751851106241,2.9040868893760035,1078.6601829321644,0.13125088602876958,2.1837512924308684
25.20266179,1082.6698,1080.858085083066,1.8117149169338518,1078.5881872273985,0.13010294450431792,2.1397949111631442
25.20994772,1082.189941,1080.7431347297013,1.4468062702987936,1078.5170152290211,0.1289699868086896,2.09714951387141
25.21723365,1081.7696529999998,1080.6302822868818,1.139370713118069,1078.4466669370304,0.12785175348186933,2.0557635963695966
25.22451957,1082.56311,1080.5194786463817,2.043631353618366,1078.3771424462848,0.12674799215680735,2.0155882079401195
25.2318055,1082.857422,1080.4106766059515,2.4467453940485484,1078.3084415659396,0.12565845137594123,1.9765765886360733
25.23909143,1082.975952,1080.303831647293,2.6721203527069974,1078.240564391982,0.12458288954083094,1.938684365770286
25.24637736,1083.100586,1080.1989011994397,2.9016848005603606,1078.1735109244119,0.12352106869774335,1.9018692063299474
25.25366329,1083.6186519999999,1080.0958446748334,3.522807325166468,1078.1072811632303,0.12247275593119922,1.8660907556720134
25.26094922,1084.070557,1079.9946233594994,4.07593364050058,1078.0418751084362,0.12143772323658426,1.8313105278265231
25.26823515,1083.954224,1079.8952003102406,4.059023689759442,1077.977292760027,0.12041574739650733,1.797491802817187
25.27552108,1083.1407470000001,1079.7975402583602,3.3432067416399605,1077.913534118008,0.11940660986076522,1.7645995304913797
25.282807,1082.523804,1079.701609649895,2.822194350104837,1077.8505992681912,0.11841009798896529,1.732600283714864
25.29009293,1082.13855,1079.6073760367149,2.5311739632850276,1077.7884880378178,0.11742599948384227,1.7014619994132774
25.29737886,1082.654053,1079.5148087870464,3.1392442129535993,1077.7272005138311,0.11645411048727686,1.6711541627280202
25.30466479,1082.793945,1079.4238784819433,3.3700665180565466,1077.666736696232,0.11549422998568136,1.6416475557257266
25.31195072,1082.274048,1079.3345569781031,2.939491021896856,1077.6070965850195,0.11454616108266623,1.6129142320009968
25.31923665,1082.268433,1079.2468173420577,3.0216156579422204,1077.5482801801973,0.11360971089831845,1.5849274509622315
25.32652258,1082.389648,1079.1606337882713,3.2290142117287814,1077.4902874817608,0.11268469047134778,1.5576616160392196
25.33380851,1082.25,1079.075981620924,3.17401837907596,1077.4331184897128,0.11177091466399482,1.5310922165473004
25.34109443,1081.748413,1078.9928372921802,2.755575707819844,1077.3767732808237,0.11086820330109558,1.505195808055386
25.34838036,1081.3227539999998,1078.911177896163,2.411576103836751,1077.3212517004204,0.10997637613956149,1.4799498196030563
25.35566629,1081.319458,1078.8309818049693,2.488476195030671,1077.2665538264046,0.10909526021459622,1.4553327183501483
25.36295222,1081.063232,1078.7522281642962,2.3110038357037865,1077.2126796587763,0.10822468478399941,1.4313238207359633
25.37023815,1081.411865,1078.674896965328,2.7369680346721452,1077.1596291975375,0.10736448249218171,1.4079032852983036
25.37752408,1081.653442,1078.5989690039016,3.0544729960984114,1077.1074024426853,0.10651448928992124,1.385052071926328
25.38481001,1082.013428,1078.5244258419689,3.4890021580310986,1077.0559993942206,0.10567454435633448,1.3627519033919793
25.39209594,1082.338135,1078.4512497711828,3.886885228817164,1077.0054200521445,0.10484449002297964,1.3409852290154016
25.39938186,1081.512695,1078.3794238761493,3.133271123850591,1076.9556644841805,0.10402417281932062,1.319735219149451
25.40666779,1081.508911,1078.3089316094283,3.1999793905715705,1076.906732553748,0.10321343891072983,1.2989856167694527
25.41395372,1080.98999,1078.2397573522235,2.7502326477765564,1076.858624329704,0.10241214078367451,1.2787208817356446
25.42123965,1080.789795,1078.1718859891087,2.6179090108912533,1076.8113398120486,0.10162013266103874,1.2589260443990649
25.42852558,1079.540161,1078.1053029799702,1.434858020029651,1076.7648790007806,0.10083727156851247,1.2395867076210416
25.43581151,1079.8948970000001,1078.0399943339025,1.854902666097587,1076.7192418958994,0.10006341727020587,1.220689020732956
25.44309744,1080.344849,1077.9759465844793,2.368902415520779,1076.6744284974075,0.09929843220598777,1.2022196548657433
25.45038337,1080.646118,1077.9131467662999,2.7329712337000274,1076.6304388053022,0.09854218143048368,1.1841657795672447
25.45766929,1080.216919,1077.8515824764236,2.3653365235763886,1076.5872728782633,0.09779453357400629,1.166515064586136
25.46495522,1079.543091,1077.791241516989,1.7518494830110285,1076.5449305978027,0.0970553566919513,1.1492555624942116
25.47224115,1079.1911619999998,1077.7321123821573,1.4590496178425383,1076.5034120237315,0.09632452436516245,1.1323758340607586
25.47952708,1079.1928710000002,1077.6741838994465,1.5186871005537341,1076.462717156046,0.09560191152889162,1.1158648318715216
25.48681301,1079.327393,1077.6174452970388,1.7099477029612444,1076.422845994749,0.09488739545143636,1.099711906838302
25.49409894,1079.183105,1077.5618861866308,1.6212188133692962,1076.3837985398404,0.09418085568213179,1.0839067911081628
25.50138487,1078.692627,1077.5074965471404,1.1851304528595392,1076.3455747913185,0.0934821740006951,1.0684395818212011
25.5086708,1078.43103,1077.454266709221,0.9767632907789903,1076.3081747491842,0.0927912343678712,1.0533007256688924
25.51595672,1078.633423,1077.402187411217,1.2312355887829654,1076.2715984630731,0.09210792381002024,1.0384810243338094
25.52324265,1078.4567869999998,1077.3512495008126,1.1055374991872213,1076.2358458325843,0.09143212863135361,1.023971539596915
25.53052858,1078.539673,1077.3014443505426,1.238228649457369,1076.200916908484,0.09076373999515593,1.0097637020634924
25.53781451,1077.862061,1077.2527635576066,0.6092974423934265,1076.1668116907695,0.0901026501175957,0.9958492167195574
25.54510044,1077.661743,1077.2051990040445,0.45654399595537143,1076.1335301794443,0.0894487531674204,0.9822200714328014
25.55238637,1077.635498,1077.1587428451962,0.4767551548038682,1076.1010723745057,0.08880194522368132,0.9688685254667567
25.5596723,1077.939575,1077.1133874987233,0.8261875012767632,1076.0694382759539,0.08816212423452705,0.9557870985349234
25.56695823,1078.276123,1077.0691256341333,1.206997365866755,1076.0386278837905,0.08752918997702451,0.9429685603658687
25.57424415,1078.2817380000001,1077.0259502213041,1.2557877786960034,1076.008641238609,0.08690304487276533,0.9304059378222803
25.58153008,1078.217285,1076.9838542854045,1.2334307145954426,1075.9794782580911,0.08628359052144025,0.9180924367918797
25.58881601,1077.836914,1076.9428312533514,0.8940827466485644,1075.9511389839618,0.08567073281973599,0.906021536569845
25.59610194,1078.077148,1076.9028747066009,1.1742732933992102,1075.923623416219,0.08506437847827929,0.8941869119035704
25.60338787,1078.3959960000002,1076.8639784328673,1.5320175671329253,1075.896931554863,0.084464435850231,0.882582442154156
25.6106738,1078.711426,1076.8261364182051,1.8852895817949502,1075.8710633998962,0.08387081489671766,0.871202203412155
25.61795973,1078.7147220000002,1076.7893428394364,1.925379160563807,1075.846018951318,0.08328342715311332,0.8600404609652463
25.62524566,1078.0939939999998,1076.7535920569214,1.3404019430784047,1075.8217982091255,0.08270218569613846,0.849091662099837
25.63253158,1077.7907710000002,1076.7188786545903,1.0718923454098785,1075.798401204871,0.08212700589708187,0.8383504438223591
25.63981751,1078.017212,1076.6851972441607,1.3320147558392819,1075.775827874324,0.08155780224105093,0.8278115675956349
25.64710344,1077.658691,1076.652542744686,1.0061482553142014,1075.7540782501637,0.08099449303287506,0.8174700014893924
25.65438937,1076.970581,1076.620910184506,0.34967081549393697,1075.733152332392,0.0804369972013269,0.8073208549129228
25.6616753,1076.200195,1076.5902947438096,-0.390099743809742,1075.7130501210095,0.07988523506358636,0.7973593877364801
25.66896123,1076.259033,1076.5606917490857,-0.3016587490856182,1075.6937716160137,0.07933912829681561,0.7875810047751729
25.67624716,1076.301636,1076.5320966678232,-0.23046066782330854,1075.6753168174055,0.07879859991041437,0.777981250507233
25.68353309,1076.7084960000002,1076.50450510342,0.2039908965803079,1075.6576857251857,0.0782635742189288,0.7685558040152053
25.69081901,1076.8747560000002,1076.4779128261218,0.3968431738783238,1075.6408783618554,0.07773397753879044,0.7593004867276799
25.69810494,1077.1292720000001,1076.4523156237399,0.6769563762602502,1075.6248946812802,0.07720973526244636,0.7502112071972262
25.70539087,1077.0352779999998,1076.4277095161465,0.6075684838533562,1075.6097347070936,0.07669077619425298,0.7412840328585434
25.7126768,1076.794434,1076.404090603626,0.3903433963739644,1075.5953984392936,0.07617702961100441,0.7325151347214063
25.71996273,1076.560303,1076.3814550999462,0.17884790005382456,1075.5818858778812,0.07566842596846468,0.7239007960964008
25.72724866,1076.058716,1076.3597993284036,-0.30108332840359253,1075.5691970228572,0.07516489687786962,0.7154374086685897
25.73453459,1075.911499,1076.3391197180351,-0.4276207180350866,1075.5573318742217,0.07466637508297687,0.7071214687303488
25.74182052,1075.999023,1076.3194127999757,-0.3203897999756009,1075.546290431972,0.074172794437642,0.6989495735659137
25.74910644,1076.547974,1076.3006752290294,0.2472987709707013,1075.5360727095695,0.07368409055134893,0.6909184289085574
25.75639237,1076.384155,1076.2829036787675,0.1012513212324393,1075.5266786789653,0.07320019809150584,0.6830248017107223
25.7636783,1076.128296,1076.2660949926105,-0.13779899261044193,1075.5181083547495,0.07272105478690834,0.6752655830740824
25.77096423,1075.979492,1076.250246076534,-0.27075407653410366,1075.5103617369205,0.07224659871770617,0.6676377408959722
25.77825016,1075.921265,1076.2353539224837,-0.31408892248373377,1075.5034388254799,0.07177676896951453,0.6601383280342222
25.78553609,1075.29126,1076.221415605509,-0.9301556055090714,1075.4973396204268,0.07131150561389114,0.6527644794683273
25.79282202,1074.491821,1076.2084282810222,-1.7166072810221067,1075.4920641217623,0.07085074968925746,0.6455134095706458
25.80010795,1074.280518,1076.1963891821483,-1.9158711821482939,1075.4876123294835,0.07039444318224568,0.6383824094826753
25.80739387,1074.876831,1076.1852956317732,-1.3084646317731767,1075.4839842480078,0.06994252962673501,0.6313688541386832
25.8146798,1075.354858,1076.1751449804813,-0.8202869804813417,1075.4811798673745,0.0694949516110409,0.624470161495666
25.82196573,1075.893188,1076.1659346955619,-0.2727466955618638,1075.4791991931297,0.0690516544819091,0.6176838479501542
25.82925166,1076.059692,1076.1576622965433,-0.09797029654328071,1075.4780422252734,0.06861258384051089,0.611007487429486
25.83653759,1076.132568,1076.150325368888,-0.017757368887941993,1075.4777089638037,0.0681776861490383,0.6044387189352903
25.84382352,1075.5351560000001,1076.1439215618975,-0.6087655618973713,1075.4781994087216,0.06774690871440645,0.5979752444614195
25.85110945,1075.282104,1076.1384485866895,-0.8563445866896018,1075.479513560028,0.06732019967231767,0.5916148269891869
25.85839538,1075.24353,1076.1339042142502,-0.8903742142501869,1075.4816514177219,0.06689750797167208,0.5853552885565528
25.8656813,1075.149536,1076.1302862778916,-0.9807502778917296,1075.4846129771731,0.06647878393132552,0.5791945167871568
25.87296723,1074.685059,1076.127592652854,-1.442533652854081,1075.4883982465108,0.06606397693181632,0.5731304294114115
25.88025316,1074.107544,1076.1258212843566,-2.0182772843566,1075.4930072222378,0.06565303884889316,0.567161023269777
25.88753909,1073.935913,1076.1249701647798,-2.189057164779797,1075.4984399043515,0.06524592173506162,0.561284338693245
25.89482502,1073.473267,1076.1250373376586,-2.6517703376584905,1075.5046962928536,0.06484257838303369,0.5554984664218339
25.90211095,1072.928711,1076.1260208961128,-3.197309896112756,1075.5117763877433,0.06444296231206072,0.5498015460574377
25.90939688,1073.30249,1076.1279189813451,-2.8254289813451123,1075.5196801890188,0.06404702775456285,0.544191764571803
25.91668281,1073.9060060000002,1076.130729781194,-2.224723781193916,1075.5284076966836,0.06365472964304134,0.5386673548673161
25.92396873,1073.834106,1076.1344515229914,-2.3003455229913925,1075.5379588970636,0.06326602412833078,0.5332266017994189
25.93125466,1073.3339839999999,1076.1390824938921,-2.805098493892274,1075.5483338163722,0.06288086643799318,0.5278678110820126
25.93854059,1073.358154,1076.1446210089312,-2.7864670089311403,1075.5595324420701,0.06249921406497503,0.5225893527959455
25.94582652,1073.1088869999999,1076.1510654289311,-3.0421784289312654,1075.5715547741556,0.0621210246167276,0.5173896301588353
25.95311245,1072.514282,1076.158414154812,-3.644132154811814,1075.5844008126278,0.06174625633940967,0.5122670858446052
25.96039838,1071.768555,1076.1666656264147,-4.398110626414564,1075.5980705574884,0.06137486810637698,0.5072202008199073
25.96768431,1071.9766849999999,1076.1758183213649,-4.199133321365025,1075.6125640087375,0.061006819406915845,0.5022474932204009
25.97497024,1072.264771,1076.1858707539739,-3.921099753973749,1075.6278811663733,0.06064207033520909,0.4973475172652567
25.98225617,1073.01123,1076.1968214741846,-3.185591474184548,1075.6440220303966,0.06028058157953483,0.49251886220848407
25.98954209,1073.13208,1076.2086690496715,-3.0765890496713837,1075.6609865769606,0.05992231490121806,0.48776015780957743
25.99682802,1073.455566,1076.2214121311144,-2.7658461311143583,1075.6787748526276,0.05956723116180359,0.48307004732501435
