2theta,Intensity,Model,Residual,Background,hcp FeNiSi,extrapeak
22.00479612,791.7573852999999,793.0516438614382,-1.2942585614382551,793.0271646917936,0.024479169644619936,1.2841649679462902e-16
22.01216174,791.7296752999999,792.8474549941241,-1.117779694124124,792.8228030214905,0.024651972633644624,1.2967798251759854e-16
22.01952737,791.769104,792.6436135732257,-0.8745095732257369,792.6187867680335,0.02482680519225733,1.309581475763337e-16
22.02689299,791.3290405,792.4401201854968,-1.1110796854967475,792.4151164853906,0.02500370010613184,1.322573589994737e-16
22.03425861,791.2362061000001,792.2369745879099,-1.0007684879097951,792.2117918963436,0.02518269156638326,1.3357599824824191e-16
22.04162423,791.0128784,792.0341768151321,-1.0212984151321507,792.0088130008917,0.02536381424050154,1.3491445456765893e-16
22.04898985,790.2941894999999,791.8317269025617,-1.5375374025618385,791.8061797990354,0.02554710352642729,1.3627312699894602e-16
22.05635548,789.4337158,791.6296246121963,-2.1959088121963077,791.6038920163717,0.025732595824537727,1.376524265636429e-16
22.0637211,789.2825317,791.4278705297221,-2.14533882972205,791.4019502021756,0.02592032754652317,1.390527690531365e-16
22.07108672,789.4950562000001,791.226464418221,-1.7314082182208494,791.2003540815749,0.026110336646097528,1.4047458658240306e-16
22.07845234,789.4726562000001,791.0254063162054,-1.5527501162052886,790.9991036545703,0.02630266163508116,1.419183204585638e-16
22.08581797,789.3165283,790.8246959907561,-1.5081676907561814,790.7981986486354,0.026497342120653654,1.4338442538757468e-16
22.09318359,788.7654418999999,790.6243340270573,-1.858892127057402,790.5976396092908,0.026694417766564237,1.4487336183683026e-16
22.10054921,788.7820435,790.4243201934428,-1.6422766934427955,790.3974262635415,0.02689392990120825,1.463856083447182e-16
22.10791483,788.6917114,790.2246545318743,-1.5329431318742763,790.1975586113876,0.02709592048663988,1.4792165397101715e-16
22.11528045,788.9730225,790.0253370852344,-1.0523145852343987,789.9980366528293,0.027300432404979338,1.4948200066732638e-16
22.12264608,789.3039551,789.8263676274543,-0.5224125274542075,789.7988601176885,0.027507509765759407,1.510671658561589e-16
22.1300117,789.4953613,789.6277467435935,-0.13238544359353455,789.6000295467904,0.02771719680310873,1.5267767421413245e-16
22.13737732,789.5230713,789.4294742090765,0.09359709092348112,789.401544669488,0.027929539588512586,1.5431407102467928e-16
22.14474294,788.6610107000001,789.2315500707177,-0.5705393707175972,789.2034054857811,0.028144584936647038,1.55976914061879e-16
22.15210856,787.5155029,789.033974376382,-1.5184714763820466,789.0056119956696,0.028362380712468934,1.5766677620069663e-16
22.15947419,786.8862305,788.8367469074828,-1.9505164074828372,788.8081639313216,0.028582976161230008,1.5938424826093837e-16
22.16683981,786.4570312000001,788.6398682496073,-2.182837049607201,788.611061828871,0.02880642073624492,1.6112993015505254e-16
22.17420543,786.8087768999999,788.4433381859413,-1.6345612859414587,788.4143054200151,0.02903276592624769,1.6290444540915068e-16
22.18157105,786.7003174,788.2471567688478,-1.5468393688478272,788.217894704755,0.029262064092808446,1.6470843242688404e-16
22.18893668,786.9803467,788.0513237862536,-1.070977086253606,788.0218294171357,0.029494369117937933,1.665425498870967e-16
22.1963023,786.9343872000001,787.855839824708,-0.9214526247079675,787.8261100895359,0.029729735172123906,1.6840746733907558e-16
22.20366792,787.0599365,787.6607046741727,-0.6007681741726856,787.6307364555314,0.029968218641384534,1.7030388076169164e-16
22.21103354,786.3984375,787.4659183920287,-1.0674808920286978,787.4357085151228,0.030209876905899945,1.722325032893777e-16
22.21839916,785.7246094,787.2714810370004,-1.5468716370004358,787.2410262683097,0.030454768690643334,1.7419406835174543e-16
22.22576479,785.5644531,787.0773924059271,-1.5129393059270342,787.0466894514839,0.030702954443216777,1.7618933310263977e-16
22.23313041,785.4315796,786.8836530873525,-1.4520734873525498,786.8526985923309,0.03095449502161181,1.7821906826408196e-16
22.24049603,785.3411255,786.6902628805304,-1.3491373805304647,786.6590534267732,0.031209453757285698,1.8028407513240655e-16
22.24786165,785.2502441,786.4972218499663,-1.2469777499662769,786.4657539548114,0.031467895154978685,1.8238517557484338e-16
22.25522727,785.0000610000001,786.3045300617171,-1.3044690617169863,786.2728001764449,0.031729885272117606,1.8452321553269307e-16
22.2625929,784.3478393999999,786.1121873225406,-1.7643479225407646,786.0801918304123,0.03199549212836018,1.8669906885251785e-16
22.26995852,783.6568603999999,785.9201942240131,-2.263333824013216,785.8879294397066,0.03226478430660694,1.8891362630512628e-16
22.27732414,782.7926636,785.7285505757627,-2.9358869757627417,785.6960127425959,0.032537833166786684,1.9116781423147142e-16
22.28468976,782.888916,785.5372564505416,-2.648340450541582,785.5044417390807,0.032814711460897455,1.9346258374121677e-16
22.29205538,783.0178222999999,785.3463119229069,-2.328489622907,785.313216429161,0.03309549374586277,1.9579891464366585e-16
22.29942101,783.7178955,785.155716810752,-1.4378213107519286,785.122336553922,0.0333802568300637,1.9817781975218437e-16
22.30678663,783.6968383999999,784.9654717099442,-1.2686333099442209,784.9318026316628,0.03366907828135961,2.0060033299773508e-16
22.31415225,783.3885498,784.7755764418085,-1.3870266418085748,784.7416144029992,0.033962038809324795,2.0306752994206489e-16
22.32151787,782.6236572,784.5860310887209,-1.9623738887208901,784.5517718679307,0.0342592207902075,2.0558051610426489e-16
22.3288835,781.769165,784.3968354785527,-2.627670478552659,784.3622747694203,0.03456070913240363,2.0814043490697273e-16
22.33624912,781.2363892000001,784.2079902117188,-2.9716010117186897,784.1731236220123,0.034866589706424096,2.1074845500295688e-16
22.34361474,781.3804321,784.0194951200775,-2.639063020077515,783.9843181681997,0.03517695187781772,2.134057924745862e-16
22.35098036,781.2853393999999,783.8313502949403,-2.546010894940423,783.7958584079827,0.03549188695763362,2.161136984061828e-16
22.35834598,781.6351929,783.643555830057,-2.0083629300570465,783.6077443413615,0.035811488695590206,2.1887346379905545e-16
22.36571161,781.5174561000001,783.456111567461,-1.938655467460876,783.4199757136448,0.03613585381612398,2.216864249650767e-16
22.37307723,781.9985352000001,783.2690181150323,-1.2704829150321757,783.2325530346832,0.03646508034906589,2.245539497860113e-16
22.38044285,782.1260986000001,783.0822753196949,-0.9561767196947812,783.0454760493176,0.036799270377284254,2.2747746230547135e-16
22.38780847,782.4884033,782.8958832859423,-0.40747998594235924,782.8587447575471,0.03713852839516682,2.30458429284631e-16
22.39517409,782.1012572999999,782.7098421212403,-0.6085848212403562,782.6723591593725,0.03748296186784615,2.3349836582343495e-16
22.40253972,781.9597167999999,782.5241516842909,-0.5644348842910176,782.4863190024494,0.0378326818415574,2.3659884153571847e-16
22.40990534,781.1143799,782.3388125931154,-1.224432693115432,782.3006247919352,0.03818780118026788,2.397614656437576e-16
22.41727096,780.7563477000001,782.1538247125859,-1.3974770125857958,782.1152762750162,0.038548437569689564,2.42987914339854e-16
22.42463658,780.3476562000001,781.9691881634875,-1.6215319634874277,781.9302734516925,0.0389147117949692,2.462799162419774e-16
22.43200221,780.8739624,781.7849028204042,-0.9109404204042448,781.7456160714978,0.03928674890640878,2.4963926348284834e-16
22.43936783,781.2192993,781.6009693122298,-0.3816700122298471,781.5613046358351,0.039664676394787386,2.5306779580050345e-16
22.44673345,781.1361694,781.4173875212132,-0.28121812121321454,781.3773388937675,0.04004862744563874,2.5656743044168605e-16
22.45409907,780.7983397999999,781.2341575844692,-0.43581778446935004,781.1937188452953,0.040438739173998824,2.601401466786273e-16
22.46146469,780.8143311000001,781.0512796438176,-0.2369485438174479,781.0104444904186,0.04083515339897108,2.6378799312030634e-16
22.46883032,780.9732666,780.8687535985156,0.10451300148440623,780.8275155810172,0.041238017498354484,2.675130957578837e-16
22.47619594,780.4273682,780.6865800963502,-0.25921189635016617,780.6449326138011,0.04164748254919384,2.713176407112225e-16
22.48356156,780.0194092,780.5047590471652,-0.4853498471651392,780.4626953401805,0.042063706984652095,2.7520390780362024e-16
22.49092718,779.9345703,780.3232906149896,-0.3887203149895413,780.2808037601553,0.04248685483424041,2.791742538383222e-16
22.4982928,780.1821289,780.1421749704601,0.03995392953981991,780.0992578737253,0.042917096734814766,2.832311211734517e-16
22.50565843,780.0252686000001,779.9614120461716,0.06385655382848654,779.9180574351176,0.04335461105407574,2.873770471655387e-16
22.51302405,780.1107787999999,779.781002518441,0.3297762815589067,779.7372029363482,0.04379958209274423,2.9161464548090925e-16
22.52038967,779.7832031,779.600946335482,0.18225676451800155,779.556694131174,0.044252204308034795,2.959466440143374e-16
22.52775529,779.4607543999999,779.4212437002848,0.03951069971515153,779.3765310195956,0.04471268068910419,3.003758668677196e-16
22.53512092,778.4089355000001,779.2418945825378,-0.8329590825377409,779.1967133577168,0.0451812248210742,3.049052507354315e-16
22.54248654,776.8796997000001,779.0628996930654,-2.1831999930653865,779.0172416337984,0.045658059266962,3.0953782501490168e-16
22.54985216,776.2158203,778.8842590239146,-2.668438723914619,778.8381156034759,0.046143420438686265,3.142767537988294e-16
22.55721778,777.0940552000001,778.7059728239996,-1.6119176239994886,778.6593352667485,0.0466375572510348,3.191253167958868e-16
22.5645834,778.3803711,778.5280413567056,-0.14767025670550993,778.4809006236169,0.047140733088640925,3.2408692108103607e-16
22.57194903,779.0545654,778.3504646605437,0.7041007394562939,778.3028114325311,0.047653228012558405,3.2916511405083346e-16
22.57931465,778.9232178,778.1732435147179,0.7499742852820646,778.1250681770603,0.04817533765767141,3.3436356199849324e-16
22.58668027,778.6760864,777.9963779944964,0.6797084055036748,777.9476706151843,0.048707379312022486,3.3968609813422565e-16
22.59404589,777.4837036,777.8198684381937,-0.3361648381936675,777.7706187469039,0.049249691289742555,3.4513670220614554e-16
22.60141151,777.2045897999999,777.6437152082488,-0.4391254082488558,777.5939125722189,0.04980263602983837,3.5071951474707457e-16
22.60877714,777.2023315,777.4679184555036,-0.2655869555036361,777.4175518519266,0.05036660357695131,3.5643885279000675e-16
22.61614276,778.1667480000001,777.2924790764463,0.8742689235538137,777.2415370649021,0.05094201154419955,3.6229918693151226e-16
22.62350838,778.7512817,777.1173972845912,1.6338844154088292,777.0658679714729,0.05152931311826384,3.683051967004266e-16
22.630874,779.0400391,776.9426735694778,2.0973655305220973,776.8905445716398,0.05212899783808877,3.744617489922102e-16
22.63823963,778.642334,776.7683082255564,1.8740257744435667,776.7155666280764,0.052741597480021954,3.8077392426752446e-16
22.64560525,778.4016723999999,776.5943023034147,1.8073700965852595,776.5409346159031,0.053367687511569915,3.87246992497822e-16
22.65297087,778.4282837000001,776.420656194771,2.0076275052290384,776.3666482973251,0.054007897445865455,3.9388647563286827e-16
22.66033649,778.1174316,776.24737058587,1.8700610141299876,776.1927076723427,0.054662913527277694,4.006981252689186e-16
22.66770211,777.5456542999999,776.0744462271994,1.4712080728005503,776.019112740956,0.055333486243359827,4.076879435542722e-16
22.67506774,776.5843506,775.9018837069123,0.6824668930877351,775.8458632681866,0.0560204387256473,4.148622062650559e-16
22.68243336,776.5326537999999,775.7296843957598,0.8029694042401161,775.67295972446,0.05672467129979947,4.222274376224512e-16
22.68979898,776.3590088,775.5578490506421,0.8011597493579075,775.5004018743286,0.05744717631340211,4.2979048362478923e-16
22.6971646,777.2713623,775.3863787624792,1.884983537520725,775.3281897177935,0.05818904468567323,4.3755848919260873e-16
22.70453022,777.0883789,775.2152747330605,1.87310416693947,775.1563232548531,0.05895147820742456,4.455389246369161e-16
22.71189585,777.0958252,775.0445380561051,2.0512871438949105,774.9848022528768,0.0597358032284039,4.537396148844643e-16
22.71926147,777.1679077,774.8741706579153,2.293737042084672,774.8136271775973,0.06054348031812341,4.621687137482812e-16
22.72662709,777.6897583,774.7041739219791,2.985584378020917,774.6427977959131,0.06137612606595165,4.708347910667304e-16
22.73399271,777.6724243,774.5345496336869,3.1378746663131096,774.4723141078246,0.062235525862308086,4.797468101789945e-16
22.74135833,777.3300781,774.3652997670215,2.9647783329785398,774.3021761133314,0.06312365369011558,4.88914162054366e-16
22.74872396,777.0977783,774.1964262761646,2.9013520238353294,774.1323835821483,0.06404269401625731,4.983467029893525e-16
22.75608958,777.3623047,774.0279320347313,3.3343726652686883,773.9629369753152,0.06499505941612627,5.080547294129094e-16
22.7634552,777.6314697,773.8598194849889,3.7716502150111637,773.7938360620785,0.06598342291038525,5.180490829020046e-16
22.77082082,778.0421752999999,773.6920915826817,4.3500837173182845,773.6250808424368,0.06701074024489295,5.283411294888222e-16
22.77818645,777.9866943,773.5247513703562,4.461942929643783,773.4566710879819,0.06808028237420567,5.389428191624973e-16
22.78555207,777.9077147999999,773.3578029181094,4.549911881890466,773.2886072560007,0.06919566210873473,5.498666624305841e-16
22.79291769,777.6397095,773.1912499958768,4.448459504123207,773.1208891176145,0.07036087826222466,5.611258536765756e-16
22.80028331,777.6271972999999,773.0250970213038,4.602100278696071,772.953516672824,0.0715803484798341,5.727342537219053e-16
22.80764893,777.4665527000001,772.859348874201,4.607203825799047,772.7864899216293,0.07285895257174758,5.847064465992487e-16
22.81501456,777.1045532,772.6940107178106,4.4105424821894985,772.6198086379684,0.07420207984218154,5.970578023195986e-16
22.82238018,776.8458252,772.5290889453647,4.316736254635316,772.4534732744337,0.0756156709310299,6.098044584278206e-16
22.8297458,777.0149536,772.3645898864371,4.650363713562911,772.2874836044941,0.07710628194295595,6.229634734260395e-16
22.83711142,777.7669678,772.200520762796,5.566447037203943,772.1218396281504,0.07868113464562783,6.365528171034225e-16
22.84447704,777.6196899,772.0368895254574,5.582800374542671,771.956541345402,0.08034818005537668,6.505914482868059e-16
22.85184267,777.0270386,771.8737046998764,5.1533339001235845,771.7915885325349,0.08211616734152441,6.650994008738641e-16
22.85920829,776.0841675,771.7109763428007,4.373191157199358,771.6269816374472,0.0839947053534256,6.800977756170584e-16
22.86657391,775.6719971,771.5487147892501,4.123282310749914,771.4627204359547,0.08599435329544014,6.956089351303337e-16
22.87393953,775.8150024,771.3869316208459,4.4280707791541545,771.2988049280577,0.08812669278815947,7.116565088275428e-16
22.88130516,776.0327758999999,771.225639312218,4.8071365877818835,771.1352348919188,0.09040442029929138,7.282655250576442e-16
22.88867078,775.8242798,771.0648521987175,4.759427601282482,770.9720107716823,0.09284142703519274,7.454624173741031e-16
22.8960364,774.9655762,770.9045852606488,4.0609909393512,770.8091323450412,0.095452915607592,7.632752651159194e-16
22.90340202,774.0621947999999,770.7448551038174,3.3173396961825574,770.646599611996,0.09825549182138812,7.817338182923836e-16
22.91076764,773.772522,770.585679850031,3.186842149968925,770.4844125725456,0.1012672774855174,8.008696439982102e-16
22.91813327,773.5477295,770.4270790379289,3.120650462071012,770.3225710072002,0.10450803072876946,8.20716289685765e-16
22.92549889,773.4429932,770.2690746052002,3.1739185947998294,770.1610753554105,0.10799924978969468,8.413093253194526e-16
22.93286451,773.3514404,770.1116897241932,3.2397506758068175,769.9999253972162,0.11176432697697432,8.626866810514423e-16
22.94023013,773.2349853999999,769.9549497974685,3.2800356025313704,769.8391211326175,0.11582866485100068,8.848887755534811e-16
22.94759575,772.8424683,769.7988823812161,3.043585918783833,769.6786625616144,0.12021981960179018,9.07958954093593e-16
22.95496138,772.3278197999999,769.6435171194619,2.684302680538053,769.5185494670623,0.12496765239959604,9.319445184312804e-16
22.962327,771.6622925,769.4888867367599,2.173405763240112,769.3587822837194,0.1301044530405205,9.568995799792679e-16
22.96969262,771.3988037,769.335025927364,2.063777772636058,769.1993607939717,0.13566513339227274,9.828949669534693e-16
22.97705824,770.9099731000001,769.1819723593322,1.7280007406678806,769.0402849978198,0.14168736151252515,1.0100502644052952e-15
22.98442387,771.0039673,769.0297664204834,1.9742008795166157,768.8815546799965,0.14821174048684607,1.0386397830677967e-15
22.99178949,770.7722167999999,768.8784522107458,1.8937645892541468,768.7231702715051,0.15528193924065187,1.0694361134217301e-15
22.99915511,770.772583,768.728076471953,2.044506528047009,768.565131556609,0.16294491534404937,1.1048074484663238e-15
23.00652073,770.3232422,768.5786895874664,1.744552612533539,768.4074385353083,0.17125105215810027,1.1521582199711814e-15
23.01388635,770.0100097999999,768.4303455480074,1.57966425199254,768.2500912076027,0.18025434040466512,1.2345291278049597e-15
23.02125198,769.713562,768.2831019258683,1.4304600741317017,768.093089360573,0.19001256529534144,1.4226697701757536e-15
23.0286176,769.8983154,768.137020845617,1.761294554382971,767.9364334205284,0.2005874250886238,1.9303390013935846e-15
23.03598322,770.3486328,767.9921679551372,2.356464844862785,767.7801231740793,0.21204478105789987,3.39239987701668e-15
23.04334884,769.9527588,767.8486133942095,2.1041454057905185,767.6241586212254,0.22445477298406136,7.661684808867243e-15
23.05071446,769.5570068,767.7064317565794,1.8505750434205765,767.4685397619669,0.23789199461247923,2.005112421714269e-14
23.05808009,768.5400391,767.5657020565122,0.9743370434877079,767.3132663857307,0.2524356707814802,5.552816895526623e-14
23.06544571,768.4088745,767.4265086399299,0.9823658600701037,767.1583389141326,0.2681697257971762,1.555168574630476e-13
23.07281133,768.3655396,767.2889401772115,1.0765994227884903,767.0037571361299,0.2851830410812007,4.3264384012895034e-13
23.08017695,768.5982056,767.1530905575684,1.4451150424316666,766.8495210517233,0.3035695058438853,1.187721584474252e-12
23.08754258,768.3056641,767.0190586310522,1.286605468947755,766.6956304522157,0.3234281788332378,3.2099838673159346e-12
23.0949082,768.6286011,766.8869490334756,1.7416520665243524,766.5420857554686,0.34486327799840066,8.533418230811881e-12
23.10227382,768.6731567,766.7568711764617,1.9162855235383631,766.3888867523174,0.3679844241220262,2.230695392816184e-11
23.10963944,769.2766723999999,766.628940040437,2.6477323595629514,766.2360334427617,0.3929065976179878,5.733295288686463e-11
23.11700506,769.4264526000001,766.5032760320516,2.923176567948417,766.0835258268014,0.4197502051053244,1.4487592185434231e-10
23.12437069,769.2474976,766.3800048350074,2.867492764992562,765.9313636980876,0.44864113655996096,3.599227123233621e-10
23.13173631,768.3280029,766.2592580663216,2.068744833678352,765.7795474697878,0.47971059565483815,8.791025364420284e-10
23.13910193,767.5172119,766.1411722331512,1.3760396668487829,765.6280769350831,0.5130952959571348,2.110991456146339e-09
23.14646755,766.5504761,766.0258893358723,0.5245867641276618,765.4769520939742,0.548937236914372,4.983674046867214e-09
23.15383317,766.130188,765.9135565960246,0.21663140397538427,765.3261729464605,0.5873836379968553,1.1567215101028408e-08
23.1611988,765.40979,765.8043261719936,-0.3945361719935363,765.1757392885402,0.6285868570582811,2.639516770177086e-08
23.16856442,765.5348511,765.698355573167,-0.163504473166995,765.0256515286871,0.672703985264362,5.9215508958512245e-08
23.17593004,765.6098632999999,765.5958065576154,0.014056742384468635,764.8759094624293,0.7198969645803489,1.3060578429219398e-07
23.18329566,766.0117798,765.4968454809074,0.5149343190926174,764.7265130897674,0.7703321079321231,2.832078289544245e-07
23.19066129,766.0532837000001,765.401642736913,0.6516409630870612,764.5774622085753,0.8241799245775541,6.037601360603968e-07
23.19802691,765.9573364,765.3103729621519,0.6469634378481715,764.4287572235735,0.8816144731456386,1.2654327145882592e-06
23.20539253,765.5844727000001,765.2232139424317,0.3612587575684074,764.2803979321668,0.9428134027332986,2.6075315660185593e-06
23.21275815,765.1994018999999,765.140346836537,0.059055063462892576,764.1323843343564,1.0079572197234692,5.282457172793411e-06
23.22012377,765.0135498,765.0619558146323,-0.04840601463229177,763.9847164301411,1.0772288634603722,1.0521030707894684e-05
23.2274894,765.414917,764.9882278851851,0.42668911481484884,763.8373940197425,1.1508132640358184,2.0601406716088232e-05
23.23485502,765.5993042,764.9193535044258,0.6799506955742345,763.6904175031877,1.228896341398146,3.9659839838051636e-05
23.24222064,766.2867432,764.8555267010271,1.431216498972958,763.5437866802279,1.3116649586614628,7.506213780203169e-05
23.24958626,766.555481,764.7969470552026,1.7585339447973638,763.397501550864,1.3993058331607664,0.00013967117781735458
23.25695188,766.3389282,764.7438225145577,1.5951056854423769,763.2515621150956,1.4920048890779318,0.0002555103842030045
23.26431751,766.0349121,764.6963743212422,1.3385377787578818,763.1059681754905,1.5899466023351096,0.00045954341660241535
23.27168313,765.9171142999999,764.6548453204801,1.2622689795197175,762.9607201273825,1.6933126244064398,0.0008125686912564763
23.27904875,765.6570435,764.6195120408408,1.0375314591591405,762.8158177728697,1.802281699482784,0.0014125684884204754
23.28641437,765.3885498,764.5907035404149,0.7978462595850715,762.6712611119522,1.9170282196214357,0.002414208841315612
23.29377999,764.9676513999999,764.5688280845518,0.3988233154481122,762.5270501446307,2.0377213972236703,0.004056542697459288
23.30114562,764.0670166,764.5544103414096,-0.487393741409619,762.3831846758196,2.1645244521450944,0.006701213444853495
23.30851124,763.7360229,764.5481414404995,-0.8121185404995686,762.2396650961578,2.297592897935347,0.01088344640647732
23.31587686,763.6500854,764.5509435667777,-0.9008581667777662,762.0964912100919,2.43707453534304,0.01737782134282295
23.32324248,763.9423828,764.5640504669598,-0.6216676669597518,761.9536630176215,2.5831077169095527,0.027279732428773778
23.33060811,763.7473755,764.5891028228245,-0.8417273228245676,761.8111803255385,2.7358206619323306,0.04210183535365515
23.33797373,763.5582886,764.6282549360371,-1.0699663360371687,761.6690435207283,2.8953295508301076,0.06388186447865786
23.34533935,763.2887572999999,764.6842860984008,-1.3955287984008464,761.5272524095142,3.061738707205002,0.09529498168159756
23.35270497,763.5822754,764.7607042674598,-1.1784288674598429,761.3858069918949,3.2351387301642176,0.13975854540062432
23.36007059,764.5911865,764.8618257259247,-0.2706392259246968,761.2447072678715,3.4156056726607416,0.20151278539249032
23.36743622,765.3622437000001,764.9928090822038,0.36943461779628706,761.1039530465816,3.603200309500087,0.2856557261220976
23.37480184,765.0701904,765.1596170738956,-0.08942667389555936,760.9635447102187,3.797966160504651,0.3981062031721833
23.38216746,764.5363769999999,765.3688821643661,-0.8325051643662391,760.8234820674506,3.9999301241063683,0.5454699728091363
23.38953308,764.4671631,765.627647988386,-1.1604848883860086,760.6837651182786,4.209100639147043,0.7347822309603023
23.3968987,765.199707,765.9429719413182,-0.7432649413182162,760.544393862702,4.425467182532025,0.9731108960842227
23.40426433,766.1280517999999,766.3213839396587,-0.19333213965887808,760.4053681122059,4.648999914587386,1.2670159128654392
23.41162995,767.2937622000001,766.7682117222585,0.5255504777416036,760.2666882442893,4.879647894212834,1.621875583756363
23.41899557,767.8965454,767.2868162027991,0.6097291972009771,760.128354069968,5.117340453417306,2.0411216794136866
23.42636119,768.3904418999999,767.8777859923285,0.5126559076713875,759.9903655892429,5.361985674511901,2.5254347285738024
23.43372682,768.5419312000001,768.5381806952506,0.0037505047495187682,759.8527226154754,5.613470857490381,3.0719872222848026
23.44109244,769.4944458,769.2609113828371,0.23353441716290035,759.7154255224107,5.871661122518061,3.6738247379083284
23.44845806,769.9865722999999,770.0343745167963,-0.04780221679641272,759.5784741229409,6.13640160469158,4.31949878916394
23.45582368,770.866333,770.8424148048408,0.023918195159239986,759.4418684170666,6.407516425131841,4.993029962642334
23.4631893,771.7984008999999,771.6646995046399,0.133701395360049,759.305608404788,6.684809550581618,5.674281549270288
23.47055493,772.9455566,772.47753041259,0.46802618741003243,759.1696939018141,6.968065912579023,6.33977059819687
23.47792055,773.5163574,773.2550681109944,0.26128928900550363,759.0341252771957,7.257050811749988,6.963892022048729
23.48528617,773.6936646,773.9709104092409,-0.27724580924086695,758.8989023461731,7.5515134076447215,7.520494655423034
23.49265179,773.991272,774.5998763278325,-0.6086043278324951,758.7640251087457,7.8511866112411655,7.984664607845556
23.50001741,774.692688,775.1198458857314,-0.4271578857313898,758.6294935649137,8.155789137417916,8.334563183399723
23.50738304,775.6192017000001,775.5134622058966,0.10573949410343175,758.4953075327335,8.465027853689476,8.55312681947373
23.51474866,775.7069092,775.769510403706,-0.06260120370598088,758.3614673765617,8.778598275654971,8.629444751489418
23.52211428,775.7116089,775.8838258348766,-0.1722169348765874,758.2279729139857,9.096189519271785,8.55966340161908
23.5294799,775.7640991000001,775.8596169835416,-0.09551788354156088,758.0948241450053,9.41748530043076,8.347307538105582
23.53684553,775.8372803,775.7071736210311,0.13010667896890027,757.9620208895537,9.742167687769067,8.002985043708273
23.54421115,776.1859131,775.4429925954902,0.7429205045098115,757.8295635082334,10.069918414320759,7.543510672936092
23.55157677,775.972168,775.088419473674,0.8837485263260305,757.6974518205086,10.400424738018051,6.990542915147285
23.55894239,774.9713135,774.6679633608436,0.30335013915635045,757.5656858263792,10.73338095858765,6.368896575876787
23.56630801,773.7288208,774.2074650918851,-0.4786442918850753,757.4342655258456,11.068492087551787,5.704707478487664
23.57367364,772.5078125,773.7323065471239,-1.224494047123926,757.3031907411878,11.40547734673437,5.023638459201714
23.58103926,772.5437012,773.2658325259722,-0.7221313259722137,757.172461828314,11.744070982706369,4.349299714951877
23.58840488,772.6928101,772.8281036859723,-0.13529358597236296,757.042078609036,12.084026994944457,3.701998081991837
23.5957705,773.079834,772.4350703388549,0.6447636611451344,756.9120410833536,12.425118263550399,3.097910991950796
23.60313612,772.3738403,772.0981789951583,0.27566130484171936,756.7823492512666,12.767136457203877,2.5486932866877865
23.61050175,771.9216309,771.8243863011929,0.09724459880703762,756.6530029374019,13.10988982717878,2.0614935366122595
23.61786737,771.2755737000001,771.6165131778736,-0.34093947787346224,756.5240024929756,13.45319575852215,1.6393149263758313
23.62523299,771.0784302000001,771.4738401188281,-0.39540991882802246,756.3953477421444,13.796874070148949,1.2816183065347828
23.63259861,771.1708984,771.3928478749184,-0.22194947491834682,756.2670386849086,14.140730544943388,0.9850786450664375
23.63996424,771.8151245,771.3679989367655,0.4471255632345219,756.1390751477725,14.484536704133053,0.74438708486001
23.64732986,772.2563477000001,771.3924786091451,0.8638690908550188,756.0114574781971,14.827998622216578,0.5530225087313683
23.65469548,772.5390014999999,771.458832870779,1.080168629220907,755.8841855022174,15.170720558576843,0.403926809984751
23.6620611,772.2652588,771.5594654511516,0.7057933488483741,755.7572592198335,15.512152508073903,0.29005372324417245
23.66942672,772.2614746,771.6869780135831,0.5744965864168989,755.6306786310447,15.851527603833665,0.20477177870480168
23.67679235,771.9434813999999,771.8343578498607,0.10912355013920205,755.5044435647017,16.187787008765063,0.14212727639399186
23.68415797,772.0118408,771.9950304086988,0.016810391301191885,755.3785543635734,16.519491871840696,0.09698417328468907
23.69152359,771.9171142999999,772.1628086818326,-0.24569438183277725,755.25301085604,16.844733910216604,0.06506391557609169
23.69888921,772.4489136,772.3317708983689,0.11714270163110996,755.1278130421024,17.161044210040913,0.04291364622558847
23.70625483,773.0256347999999,772.4961087299373,0.5295260700626159,755.0029609217609,17.465320799037343,0.02782700913906498
23.71362046,772.7828979,772.6499858128018,0.1329120871981786,754.8784543262116,17.753791500807896,0.0177399857823445
23.72098608,772.5489502,772.7874454433643,-0.2384952433642411,754.7542935935301,18.022033094908334,0.011118754925910563
23.7283517,772.6766357000001,772.9024059407714,-0.22577024077122587,754.6304785544435,18.265076055456333,0.006851330871595736
23.73571732,772.9319458,772.9887647974496,-0.05681899744956809,754.5070092089529,18.477605000572265,0.004150587924398397
23.74308294,772.78302,773.0406229432933,-0.25760294329336375,754.3838855570577,18.654265319514398,0.002472066721163532
23.75044857,772.4093627999999,773.0526118288335,-0.6432490288335657,754.2611074323022,18.79005687067246,0.0014475258589049275
23.75781419,771.4065552000001,773.0202802113758,-1.6137250113757773,754.1386751680675,18.88077172931042,0.0008333139979636812
23.76517981,770.7942505,772.9404741628907,-2.1462236628907476,754.0165885974279,18.923413929496107,0.00047163596663290087
23.77254543,771.0100708,772.8116333061708,-1.8015625061708533,753.8948477203842,18.916523151212953,0.00026243457372962466
23.77991106,771.1773682,772.6339366262006,-1.4565684262005334,753.7734523723568,18.86034068813658,0.00014356570722037323
23.78727668,771.4545897999999,772.4092621572898,-0.9546723572899509,753.6524028829735,18.75678206021454,7.721410178870919e-05
23.7946423,771.0217285,772.1409610298325,-1.1192325298325159,753.5316990871859,18.609221114616567,4.0828030081907935e-05
23.80200792,771.0963135,771.8334942761613,-0.7371807761613809,753.4113409849931,18.42213206673402,2.1224434196761877e-05
23.80937354,770.644165,771.4919972986255,-0.8478322986254625,753.2913285763957,18.200657874728545,1.0847501287332014e-05
23.81673917,770.5219116000001,771.1218454618016,-0.5999338618015599,753.1716616991623,17.950178312108672,5.450530591916555e-06
23.82410479,770.3151245,770.7282825071828,-0.41315800718280116,753.0523406782252,17.675939136405407,2.6925522940465837e-06
23.83147041,770.5567627,770.3161390190826,0.24062368091745157,752.9333653508841,17.38277236050674,1.3076918152070039e-06
23.83883603,770.4648437999999,769.8896610107561,0.5751827892438541,752.8147357171381,17.074924669218476,6.243995162250913e-07
23.84620165,770.258606,769.4524318676778,0.8061741323222122,752.6964517769884,16.755979797576043,2.931133536921213e-07
23.85356728,770.3294678,769.0073696332743,1.3220981667257092,752.5785133705483,16.428856127448935,1.352770380519421e-07
23.8609329,770.4498901000001,768.5567789683857,1.8931111316143188,752.4609208180582,16.0958580889473,6.138028712862486e-08
23.86829852,769.9511107999999,768.1024266715156,1.848684128484365,752.3436739591634,15.75875268497111,2.7381021711830033e-08
23.87566414,768.9814453,767.6456353709294,1.3358099290705923,752.2267727938645,15.418862565056513,1.200843193919899e-08
23.88302977,768.3613892000001,767.187373473386,1.1740157266141296,752.110217164153,15.077156304055254,5.177718078319936e-09
23.89039539,767.7675171,766.7283412136563,1.039175886343628,751.9940073865148,14.734333824946654,2.1948609517065802e-09
23.89776101,767.7301025,766.2690390646836,1.4610634353164187,751.8781433024715,14.390895761297394,9.147276859676387e-10
23.90512663,767.1836548,765.8098297296918,1.3738250703081576,751.7626249120237,14.047204817293323,3.7479455091540124e-10
23.91249225,767.1504517000001,765.350984765529,1.79946693447107,751.6474522151716,13.703532550206468,1.509775654861349e-10
23.91985788,766.9334717,764.8927202005615,2.0407514994385565,751.5326250562534,13.36009514424827,5.979314985639879e-11
23.9272235,766.6054077,764.435225882842,2.1701818171579816,751.4181437470615,13.017082135757148,2.3281896529969415e-11
23.93458912,765.5463257,763.9786809123017,1.5676447876983275,751.3040081314655,12.674672780827311,8.913141021020765e-12
23.94195474,765.1037597999999,763.5232691702573,1.5804906297425987,751.1902182094648,12.333050960789146,3.3553419373667064e-12
23.94932036,764.6157227000001,763.0691869818027,1.5465357181974468,751.0767739810594,11.992413000741964,1.2424128665261019e-12
23.95668599,764.7252197,762.6166471810776,2.108572518922415,750.9636752929348,11.652971888142357,4.528684401889502e-13
23.96405161,763.9104004,762.1658835714984,1.7445168285015598,750.8509224521897,11.314961119308537,1.6286874186664452e-13
23.97141723,763.6559447999999,761.7171473098778,1.9387974901221696,750.7385153050402,10.978632004837488,5.815570028444548e-14
23.97878285,762.4216918999999,761.2707080802497,1.150983819750195,750.6264538514861,10.644254228763609,2.0974921222752707e-14
23.98614848,762.1865234,760.8268506766,1.359672723400081,750.5147379400905,10.312112736509393,7.98165391662863e-15
23.9935141,761.0188598999999,760.3858746286589,0.6329852713409991,750.4033678741966,9.982506754462328,3.5020656413508436e-15
24.00087972,760.3571167,759.9480874744274,0.40902922557256716,750.2923435018984,9.655743972529036,1.967993620223349e-15
24.00824534,759.8439331000001,759.5138039178154,0.33012918218469167,750.1816648231957,9.332139094619672,1.436062983080181e-15
24.01561096,759.737793,759.0833419561466,0.6544510438534417,750.0713318380886,9.012010118058035,1.2398605639627999e-15
24.02297659,759.6986084,758.6570191209097,1.0415892790903172,749.9613443974865,8.695674723423146,1.154828666504719e-15
24.03034221,759.4767456000001,758.2351517558315,1.2415938441686194,749.8517028000397,8.38344895579176,1.1065878890643878e-15
24.03770783,758.4355469,757.8180487092598,0.6174981907402071,749.7424068961877,8.075641813072012,1.070898453029616e-15
24.04507345,757.260437,757.4060110481897,-0.145574048189701,749.6334566859318,7.772554362257931,1.0399668927901953e-15
24.05243907,755.8394775,756.9993291136936,-1.1598516136936041,749.5248521692713,7.47447694442235,1.0113009559236259e-15
24.0598047,754.9998779,756.5982798706299,-1.5984019706298795,749.4165931994626,7.181686671167323,9.84088965704895e-16
24.06717032,754.4598388999999,756.2031272236209,-1.743288323620959,749.308680070463,6.894447153157877,9.580446202132865e-16
24.07453594,754.3850097999999,755.8141171481013,-1.429107348101411,749.2011126350583,6.6130045130430695,9.330445275280034e-16
24.08190156,754.3292236000001,755.43147852179,-1.1022549217899495,749.0938908932487,6.33758762854135,9.090166679711779e-16
24.08926719,753.9400024,755.0554209542303,-1.1154185542302457,748.9870147001686,6.068406254061595,8.859063797915372e-16
24.09663281,753.1882935,754.6861359322555,-1.4978424322555384,748.8804843460196,5.805651586235931,8.636662356657745e-16
24.10399843,752.4019165,754.3237930851337,-1.9218765851337594,748.7742996854663,5.549493399667392,8.422527107544414e-16
24.11136405,752.3441772000001,753.968541769266,-1.6243645692659356,748.6684607185091,5.300081050756939,8.216252658894741e-16
24.11872967,751.9887695,753.6205102777111,-1.6317407777111157,748.5629674451466,5.05754283256453,8.01745890100958e-16
24.1260953,751.8271484,753.2798052853037,-1.4526568853036679,748.45781972286,4.8219855624437615,7.825788356187243e-16
24.13346092,751.0386352999999,752.9465137561655,-1.9078784561655766,748.3530178371577,4.593495919007758,7.640905432851427e-16
24.14082654,750.708313,752.6207003864014,-1.9123873864014058,748.248561645051,4.372138741350305,7.46249334770626e-16
24.14819216,750.2160034,752.3024098201951,-2.0864064201950896,748.1444511465402,4.157958673654944,7.290253811676811e-16
24.15555778,749.4709472999999,751.9916666621866,-2.5207193621866963,748.0406863416249,3.9509803205616763,7.123905517613375e-16
24.16292341,748.5534667999999,751.688475661962,-3.135008861962092,747.9372670901316,3.751208571830361,6.963182778758721e-16
24.17028903,748.1509399,751.3928240395362,-3.2418841395361824,747.8341936728762,3.558630366660061,6.807835336674231e-16
24.17765465,748.7883301,751.1046797905992,-2.316349690599168,747.7314659492167,3.373213841382464,6.657626076807398e-16
24.18502027,748.8597412,750.8239941919504,-1.9642529919503886,747.6290839191524,3.194910272797967,6.512331007168059e-16
24.1923859,748.6970215,750.5507019293927,-1.853680429392739,747.5270474443878,3.0236544850049505,6.371738015112131e-16
24.19975152,748.0048828,750.2847235333761,-2.2798407333760906,747.4253568019838,2.8593667313923454,6.235646853078797e-16
24.20711714,747.5953369,750.02596415472,-2.4306272547199796,747.3240118531758,2.7019523015441846,6.103867279269034e-16
24.21448276,746.7606812000001,749.774316090575,-3.013634890574849,747.2230125979629,2.5513034926120435,5.976219164888175e-16
24.22184838,746.4967651000001,749.529659460848,-3.0328943608479904,747.1223590363454,2.407300424502652,5.852531685641765e-16
24.22921401,747.0061646,749.2918629540408,-2.2856983540407327,747.0220510323743,2.2698119216664616,5.732642590929151e-16
24.23657963,747.5285644999999,749.0607861766593,-1.5322216766594465,746.9220888584173,2.1386973182420235,5.616398319567311e-16
24.24394525,747.34552,748.8362787793809,-1.4907587793809398,746.8224723780554,2.013806401325533,5.503652530480841e-16
24.25131087,746.9343262,748.6181828089766,-1.6838566089766118,746.7232015912891,1.8949812176874241,5.394266299873455e-16
24.25867649,745.8447876,748.4063334143012,-2.561545814301212,746.6242764981191,1.7820569161821367,5.288107528631812e-16
24.26604212,745.1621704,748.2005595806271,-3.038389180627064,746.5256969649415,1.6748626156855295,5.185050406246139e-16
24.27340774,745.5741577,748.0006862194898,-2.426528519489807,746.4274632594311,1.5732229600586767,5.084975594863413e-16
24.28077336,745.5333252,747.8065334398844,-2.2732082398844113,746.3295752475162,1.4769581923682047,4.98776904344177e-16
24.28813898,745.2914429,747.6179185832046,-2.3264756832046487,746.2320329291967,1.385885654007921,4.893322227757372e-16
24.2955046,744.2382812000001,747.4346568082959,-3.1963756082958525,746.1348363044729,1.29982050382312,4.801531705936553e-16
24.30287023,744.1206665,747.25656167779,-3.1358951777900756,746.0379852420892,1.2185764357007618,4.712298716157805e-16
24.31023585,743.5896606000001,747.0834468968258,-3.493786296825647,745.9414800050258,1.1419668917999912,4.625529393097015e-16
24.31760147,743.842041,746.915125593437,-3.073084593436988,745.8453204615575,1.0698051318794382,4.541133793440327e-16
24.32496709,743.5881347999999,746.7514119740634,-3.1632771740635235,745.7495066116853,1.0019053623780694,4.459026151649828e-16
24.33233272,743.8721312999999,746.592121496633,-2.719990196633148,745.6540383260294,0.9380831706035377,4.379124432468324e-16
24.33969834,743.5209351,746.4370723109332,-2.9161372109332433,745.5589158638174,0.8781564471157639,4.301350557709306e-16
24.34706396,743.215332,746.2860844924758,-3.0707524924757763,745.4641390952011,0.821945397274659,4.2256295639758544e-16
24.35442958,743.2556762999999,746.1389813944211,-2.883305094421189,745.3697080201796,0.7692733742414533,4.1518898595558817e-16
24.3617952,743.9511107999999,745.9955898603389,-2.044479060338972,745.2756226387542,0.7199672215847803,4.080062945445886e-16
24.36916083,744.2248535,745.8557404204936,-1.6308869204935945,745.1818828238918,0.6738575966017983,4.01008316267611e-16
24.37652645,743.6640014999999,745.7192683834454,-2.0552668834454835,745.0884888301264,0.6307795533190571,3.941887920373405e-16
24.38389207,742.9981688999999,745.5860129888225,-2.587844088822635,744.9954405299568,0.5905724588657214,3.8754169851900326e-16
24.39125769,742.7977295,745.455818419386,-2.6580889193860457,744.9027379233823,0.5530804960037006,3.8106127313127967e-16
24.39862331,742.9458618,745.3285338151654,-2.38267201516544,744.8103810104037,0.518152804761666,3.747419919456671e-16
24.40598894,742.8914795,745.2040132729446,-2.3125337729446755,744.7183696663351,0.485643606609516,3.685785496632048e-16
24.41335456,742.3309937000001,745.0821166479725,-2.7511229479723625,744.6267041410165,0.4554125069560019,3.625658817845686e-16
24.42072018,742.4570923,744.962708633954,-2.5056163339539808,744.5353843092939,0.42732432466007475,3.566991039515926e-16
24.4280858,741.9733887,744.8456595039335,-2.872270803933475,744.4444101711658,0.4012493327676283,3.509735357469764e-16
24.43545143,742.0863647000001,744.7308448155586,-2.6444801155585083,744.3537816038258,0.3770632117328052,3.4538467539934077e-16
24.44281705,741.897583,744.618146033916,-2.720563033915937,744.2634988533587,0.3546471805573065,3.3992822113706737e-16
24.45018267,742.1290283,744.5074495730435,-2.3784212730435,744.1735617964873,0.333887776556127,3.346000173423926e-16
24.45754829,742.0759887999999,744.3986473753249,-2.322658575325022,744.0839704332107,0.31467694211427816,3.293960772055273e-16
24.46491391,742.4311522999999,744.2916366859567,-1.8604843859568518,743.9947247635305,0.29691192242627235,3.243125675942806e-16
24.47227954,742.1375122000001,744.1863198239258,-2.048807623925768,743.905824666984,0.2804951569417851,3.1934579533650624e-16
24.47964516,742.0250854,744.0826046476978,-2.0575192476978827,743.8172703849632,0.2653342627346695,3.1449222735614096e-16
24.48701078,741.9596558,743.9804035788553,-2.020747778855366,743.729061796538,0.2513417823173374,3.0974844389594083e-16
24.4943764,742.7074585,743.8796340448364,-1.1721755448363638,743.641198901709,0.23843514312734818,3.051111596484275e-16
24.50174202,742.852356,743.7802181926795,-0.9278621926795267,743.553681700475,0.2265364922045098,3.0057721125113863e-16
24.50910765,743.0325317,743.682082605501,-0.6495509055009734,743.4665100747225,0.21557253077859853,2.9614354594377723e-16
24.51647327,742.4422607000001,743.5851586752589,-1.1428979752587338,743.3796842611487,0.2054744141101942,2.91807240394778e-16
24.52383889,741.8578491000001,743.4893816393685,-1.6315325393684361,743.2932041411702,0.19617749819828678,2.8756545973640374e-16
24.53120451,741.2689209,743.3946909469205,-2.125770046920479,743.2070697147874,0.18762123213308854,2.834154771641579e-16
24.53857014,741.0630493,743.3010298269043,-2.2379805269042663,743.1212808657635,0.17974896114071112,2.7935465801739236e-16
24.54593576,740.8588257,743.2083456226276,-2.3495199226275645,743.0358378270412,0.1725077955864462,2.753804775495656e-16
24.55330138,740.6030883999999,743.1165888555931,-2.513500455593203,742.9507404819146,0.1658483736784477,2.7149048389863437e-16
24.560667,740.3372803,743.0257135627334,-2.6884332627333833,742.8659888303832,0.15972473235008305,2.6768231649522853e-16
24.56803262,740.1425171,742.9356769973491,-2.793159897349142,742.7815828724472,0.15409412490193783,2.63953696911043e-16
24.57539825,739.6002808,742.8464393395776,-3.2461585395776638,742.6975224942162,0.14891684536148528,2.6030242054779903e-16
24.58276387,739.6688843,742.7579640140578,-3.0890797140579025,742.6138079239411,0.14415609011678326,2.567263731186642e-16
24.59012949,739.7774048,742.6702168008903,-2.8928120008903306,742.5304390472611,0.13977775362919573,2.532234978222634e-16
24.59749511,739.7891846,742.5831661633072,-2.7939815633071703,742.4474158641767,0.13575029913044856,2.497918123319965e-16
24.60486073,739.6249389999999,742.4967829726821,-2.8718439726822,742.3647383746877,0.13204459799445054,2.464294009842738e-16
24.61222636,739.595459,742.4110402442981,-2.815581244298073,742.2824064672498,0.12863377704830312,2.4313440767840643e-16
24.61959198,739.5306396000001,742.3259134592253,-2.7952738592251762,742.2004203654212,0.12549309380406887,2.3990505113109607e-16
24.6269576,739.9591675,742.2413797286255,-2.28221222862544,742.1187799571885,0.12259977143691753,2.3673959560923023e-16
24.63432322,739.5169067,742.1574181287067,-2.6405114287066453,742.0374852425505,0.11993288615617519,2.3363636659378174e-16
24.64168885,739.2756347999999,742.0740093454023,-2.798374545402339,741.9565361118425,0.11747323355971845,2.3059373995747456e-16
24.64905447,738.8347167999999,741.9911360069257,-3.1564192069257615,741.8759327848647,0.11520322206094226,2.276101562926161e-16
24.65642009,739.3363037,741.9087818907153,-2.5724781907152874,741.7956751514826,0.11310673923274273,2.2468409411121777e-16
24.66378571,739.9966431,741.8269322694313,-1.8302891694312393,741.7157632116957,0.11116905773558249,2.2181408452026585e-16
24.67115133,740.3139037999999,741.7455736955867,-1.431669895586765,741.6361969655054,0.10937673008131896,2.189987052077701e-16
24.67851696,740.2397461,741.6646937961327,-1.4249476961326764,741.5569763055903,0.10771749054246603,2.162365749672179e-16
24.68588258,739.890625,741.5842816208434,-1.6936566208433987,741.47810144706,0.10618017378338956,2.135263669412078e-16
24.6932482,739.2202147999999,741.504326898887,-2.2841120988871353,741.3995722821251,0.1047546167619237,2.1086678451345813e-16
24.70061382,739.0824585,741.4248203995214,-2.342361899521393,741.3213888107846,0.10343158873678651,2.0825657483819435e-16
24.70797944,738.8364257999999,741.3457537480741,-2.5093279480742012,741.2435510330404,0.10220271503368387,2.0569452357971897e-16
24.71534507,738.5070801,741.2671192506679,-2.760039150667808,741.1660588439192,0.10106040674856039,2.0317945011763758e-16
24.72271069,738.3410034,741.1889102567699,-2.847906856769896,741.0889124538353,0.09999780293463012,2.0071021978974362e-16
24.73007631,738.5157471,741.1111204594697,-2.595373359469704,741.0121117573476,0.09900870212205329,1.9828572211222832e-16
24.73744193,739.0072021000001,741.033744268404,-2.026542168403921,740.9356567544548,0.09808751394918219,1.9590488325995733e-16
24.74480756,739.8479004,740.9567765481241,-1.1088761481241818,740.859547342061,0.09722920606316936,1.9356665828583313e-16
24.75217318,739.9046021,740.88021298927,-0.9756108892700013,740.7837837268285,0.09642926244157168,1.9127004262172789e-16
24.7595388,739.3668822999999,740.8040494392652,-1.4371671392652843,740.7083658051918,0.09568363407348612,1.8901405194141568e-16
24.76690442,738.5986937999999,740.7282822822383,-2.1295884822384323,740.6332935771504,0.09498870508792287,1.867977338675549e-16
24.77427004,738.4989013999999,740.652908299181,-2.1540068991811268,740.5585670427049,0.09434125647615856,1.8462016376387796e-16
24.78163567,738.6522217,740.5779245346973,-1.9257028346972902,740.484186101105,0.09373843359232334,1.824804408916048e-16
24.78900129,738.5346069,740.5033286751643,-1.9687217751643402,740.4101509543189,0.09317772084540521,1.803776990528742e-16
24.79636691,738.1589355000001,740.4291184124282,-2.2701829124281403,740.3364615011287,0.09265691129947935,1.7831108827448863e-16
24.80373253,738.2479248,740.3552918289168,-2.107367028916883,740.2631177415344,0.09217408738244579,1.762797856253289e-16
24.81109815,738.6470337000001,740.2818472756812,-1.6348135756811644,740.1901196755352,0.09172760014599304,1.7428299146703148e-16
24.81846378,738.949646,740.2087832561629,-1.2591372561628305,740.1174672047289,0.09131605143392424,1.7231992602479246e-16
24.8258294,738.5620117000001,740.1360988076367,-1.5740871076366147,740.0451605263904,0.09093828124627046,1.7038983924634088e-16
24.83319502,738.5709839,740.0637928935727,-1.4928089935726803,739.9731995416466,0.09059335192602784,1.6849199408613463e-16
24.84056064,738.493103,739.9918647907335,-1.4987617907335107,739.9015842504989,0.09028054023461486,1.666256765124313e-16
24.84792626,738.2277832000001,739.9203139816786,-1.6925307816785562,739.830314652947,0.08999932873165847,1.647901921481012e-16
24.85529189,737.5477905,739.8491400524388,-2.301349552438751,739.7593906529341,0.08974939950460951,1.629848631942183e-16
24.86265751,737.6630249,739.7783430745882,-2.1153181745881966,739.6888124430418,0.0895306315463728,1.6120903757207897e-16
24.87002313,737.7702026000001,739.7079230234818,-1.9377204234817782,739.6185799267457,0.0893430967361321,1.5946207362099926e-16
24.87738875,737.3583984,739.6378801652016,-2.279481765201581,739.5486931040443,0.08918706115733141,1.577433493673603e-16
24.88475438,736.9575195,739.568214867129,-2.610695367128983,739.4791518807604,0.08906298636867302,1.560522572224757e-16
24.89212,737.1297607000001,739.4989279793573,-2.369167279357157,739.4099564457194,0.08897153363789108,1.543882125959254e-16
24.89948562,737.3525391,739.430020272606,-2.077481172606099,739.3411067042748,0.08891356833127155,1.5275063960825663e-16
24.90685124,737.1387938999999,739.3614928242366,-2.222698924236738,739.2726026564242,0.08889016781246115,1.5113897981722023e-16
24.91421686,736.876709,739.2933469323699,-2.4166379323698948,739.2044443021707,0.0889026301991965,1.495526894273267e-16
24.92158249,736.5737305,739.2255840348433,-2.651853534843326,739.1366315496803,0.08895248516312929,1.4799123672803791e-16
24.92894811,736.3492432,739.1582060891576,-2.8089628891575558,739.0691645830861,0.08904150607143066,1.4645411009775115e-16
24.93631373,736.4718017999999,739.0912150346974,-2.619413234697504,739.0020433100876,0.08917172460971473,1.4494080485945573e-16
24.94367935,736.7435303,739.0246131772323,-2.2810828772322793,738.9352677306849,0.08934544654731262,1.4345083138271544e-16
24.95104497,737.1547241000001,738.9584031144075,-1.8036790144074075,738.8688378448771,0.08956526953036578,1.4198371255112212e-16
24.9584106,737.2470093,738.8925876661891,-1.64557836618917,738.8027535631809,0.08983410300820714,1.4053898143403563e-16
24.96577622,738.0125732000001,738.8271702530504,-0.8145970530503064,738.7370150650336,0.09015518801685952,1.3911618873361065e-16
24.97314184,738.5268555,738.76215438294,-0.23529888294001466,738.6716222604814,0.09053212245863079,1.3771489066171724e-16
24.98050746,738.5153197999999,738.6975440341247,-0.1822242341247602,738.6065751495253,0.09096888459944505,1.363346564725605e-16
24.98787309,738.3062133999999,738.6333435053564,-0.3271301053564457,738.541873644557,0.09146986079937905,1.349750643232074e-16
24.99523871,738.3374022999999,738.5695577924216,-0.23215549242172528,738.4775179212613,0.09203987116030339,1.3363570830951572e-16
25.00260433,738.5783081000001,738.5061920953781,0.0721160046219893,738.4135078915613,0.09268420381680573,1.3231618708342718e-16
25.00996995,738.730835,738.4432521997293,0.28758280027068395,738.3498435554566,0.09340864427268868,1.3101611096600585e-16
25.01733557,738.451416,738.380744422656,0.07067157734400098,738.2865249129468,0.09421950970916909,1.297350998000608e-16
25.0247012,737.9213257,738.318675564389,-0.39734986438895703,738.2235518787718,0.09512368561721471,1.2847278097107578e-16
25.03206682,738.1092529,738.2570532816319,-0.14780038163189602,738.1609246239232,0.09612865770875857,1.2722879596854004e-16
25.03943244,738.9471436000001,738.1958856204175,0.7512579795826468,738.0986430626695,0.09724255774801081,1.2600278984456392e-16
25.04679806,739.3273315,738.1351813937188,1.1921501062812467,738.036707195012,0.098474198706791,1.2479441784320936e-16
25.05416368,739.1937256,738.0749501381433,1.1187754618566714,737.975117020949,0.09983311719428752,1.2360334343181092e-16
25.06152931,738.7202758999999,738.015202075635,0.7050738243649448,737.9138724575675,0.10132961806745526,1.2242923648407898e-16
25.06889493,738.3793335,737.9559484808316,0.4233850191684496,737.852973671165,0.1029748096665167,1.2127177940665575e-16
25.07626055,738.270813,737.8972012387833,0.3736117612166936,737.792420578359,0.10478066042425879,1.2013065735652557e-16
25.08362617,738.9061889999999,737.8389732152331,1.0672157847668586,737.7322131791475,0.10676003608556367,1.190055644278282e-16
25.0909918,739.0142822,737.7812781428386,1.2330040571614518,737.6723513924951,0.10892675034351408,1.178962003458375e-16
25.09835742,738.6279297,737.7241309796277,0.903798720372265,737.6128353809443,0.11129559868347713,1.1680227627180096e-16
25.10572304,738.053894,737.6675474848148,0.3863465151852097,737.5536650629886,0.11388242182627467,1.157235055748257e-16
25.11308866,737.8163452,737.6115445783508,0.2048006216491558,737.4948404386284,0.1167041397224493,1.146596096915992e-16
25.12045428,737.364624,737.5561403070417,-0.19151630704163836,737.4363615078644,0.11977879917734421,1.136103164298672e-16
25.12781991,737.3547363,737.5013538143768,-0.1466175143767714,737.3782281920048,0.12312562237200295,1.1257535839889127e-16
25.13518553,737.7404175,737.4472056795881,0.29321182041189786,737.3204406489015,0.12676503068661743,1.1155447844187938e-16
25.14255115,737.803833,737.393717511837,0.4101154881630009,737.2629987993928,0.1307187124442164,1.1054742104261083e-16
25.14991677,737.1473388999999,737.3409122868483,-0.19357338684835668,737.205902643479,0.13500964336920274,1.0955393780688397e-16
25.15728239,736.9266357000001,737.2888143075701,-0.3621786075699447,737.1491521811613,0.13966212640878556,1.0857378589460816e-16
25.16464802,737.0768433,737.2374491671419,-0.16060586714195324,737.0927473360957,0.1447018310462267,1.076067265672977e-16
25.17201364,737.3528442,737.1868440552474,0.1660001447526156,737.0366882614385,0.1501557938089093,1.066525302782429e-16
25.17937926,737.4844971,737.1370273636837,0.34746973631627043,736.9809748803771,0.15605248330666255,1.0571096865605969e-16
25.18674488,737.3773804,737.0880289854509,0.2893514145490599,736.9256071929108,0.16242179254010275,1.047818196388131e-16
25.19411051,737.5115967,737.039880193321,0.4717165066790585,736.8705851245732,0.16929506874780897,1.0386486478462309e-16
25.20147613,738.0006103999999,736.9926139076235,1.0079964923763782,736.8159088247671,0.17670508285639314,1.0295989410780667e-16
25.20884175,738.0267944,736.9462643046576,1.0805300953423966,736.7615782185571,0.18468608610041898,1.0206669848679402e-16
25.21620737,738.0187988,736.9008670726878,1.1179317273122251,736.7075933059418,0.19327376674600805,1.0118507454065756e-16
25.22357299,737.8395996,736.8564593312983,0.9831402687017317,736.6539540869228,0.2025052443755168,1.0031482326022632e-16
25.23093862,737.8012695,736.8130795498698,0.9881899501301632,736.6006604893792,0.2124190604907296,9.945574873698743e-17
25.23830424,737.6898193,736.7707677491824,0.9190515508175849,736.5477126580197,0.22305509116267014,9.860766270425748e-17
25.24566986,737.0750122000001,736.7295651055057,0.34544709449437505,736.4951105202558,0.23445458524982057,9.777037743391201e-17
25.25303548,736.4281006,736.6895141347346,-0.26141353473462914,736.442854076088,0.24666005864667595,9.694371031400438e-17
25.2604011,736.284729,736.6506585688882,-0.36592956888819117,736.3909433255151,0.25971524337304625,9.612748257535372e-17
25.26776673,737.1320801,736.6130432304944,0.5190368695056122,736.3393781987645,0.273665031729947,9.532151810758583e-17
25.27513235,737.9212036,736.5767141477971,1.344489452202879,736.288158835853,0.28855531194410233,9.452564772825913e-17
25.28249797,737.9190674,736.5417181484439,1.3773492515560974,736.2372851665357,0.30443298190820683,9.373970252679817e-17
25.28986359,737.5958252,736.5081029529625,1.0877222470375045,736.1867571908142,0.32134576214828037,9.296351816661784e-17
25.29722921,737.3503417999999,736.4759169972206,0.8744248027793446,736.136574908689,0.339342088531535,9.219693369808638e-17
25.30459484,737.5900268999999,736.4452092528859,1.144817647113996,736.0867382527322,0.3584710001536723,9.143979045351183e-17
25.31196046,737.3651123,736.4160292399395,0.9490830600605022,736.0372473582659,0.3787818816735934,9.069193606502386e-17
25.31932608,737.3901367000001,736.3884266107663,1.0017100892338249,735.9881021573967,0.4003244533694912,8.995321821852608e-17
25.3266917,737.3309326,736.3624511399986,0.9684814600013851,735.9393026501218,0.4231484898767719,8.922348870154414e-17
25.33405733,737.395813,736.3381524578597,1.0576605421402974,735.8908487708934,0.4473036869662553,8.850260132181078e-17
25.34142295,737.2070923,736.3155799748936,0.8915123251064188,735.842740651279,0.4728393236146583,8.779041573786922e-17
25.34878857,737.1793822999999,736.2947824665978,0.8845998334021488,735.7949782252606,0.49980424133722146,8.708679151685108e-17
25.35615419,737.2778931,736.2758079786021,1.002085121397954,735.7475614928371,0.5282464857649596,8.639159199288262e-17
25.36351981,737.0927124,736.2587035523322,0.8340088476677465,735.7004904540104,0.5582130983218595,8.570468321604957e-17
25.37088544,736.9439697,736.2435149553031,0.7004547446969127,735.6537650455753,0.5897499097278065,8.502593297185913e-17
25.37825106,738.0466309,736.2302865014524,1.8163443985475851,735.6073853944076,0.6229011070447117,8.435521439344946e-17
25.38561668,738.9435425,736.2190606597766,2.7244818402234614,735.5613514368356,0.6577092229409861,8.369240037178871e-17
25.3929823,739.3518677000001,736.2098778653253,3.141989834674746,735.5156631728596,0.6942146924656658,8.303736719325246e-17
25.40034792,739.3268433,736.2027762179996,3.1240670820003515,735.4703206024783,0.7324556155212468,8.238999355489221e-17
25.40771355,739.1872559,736.1977911945592,2.9894647054408097,735.4253236648378,0.7724675297212812,8.175015964467903e-17
25.41507917,738.711792,736.1949553885763,2.516836611423628,735.380672482117,0.8142829064593574,8.111775055131508e-17
25.42244479,738.4018555,736.1942981859916,2.2075573140084543,735.3363669929918,0.8579311929997309,8.049265099926735e-17
25.42981041,737.6851196,736.1958455139841,1.4892740860159392,735.2924071974626,0.9034383165214677,7.987474878179339e-17
25.43717604,737.8560791,736.199619563283,1.6564595367169659,735.2487930365496,0.9508265267334464,7.926393301231486e-17
25.44454166,737.7789917,736.2056384960479,1.5733532039521378,735.2055246286805,1.0001138673674166,7.866009738288577e-17
25.45190728,737.9529418999999,736.2139162181409,1.7390256818590615,735.1626019144069,1.0513143037340364,7.80631351410429e-17
25.4592729,737.5028076,736.2244621162482,1.2783454837517638,735.1200248937284,1.1044372225198282,7.74729423699322e-17
25.46663852,737.3546752999999,736.2372808319814,1.1173944680185741,735.0777935666451,1.159487265336251,7.688941710902801e-17
25.47400415,737.4559326,736.2523720734131,1.203560526586898,735.0359078765264,1.2164641968867338,7.631245853121034e-17
25.48136977,737.8589477999999,736.2697303417441,1.5892174582558027,734.994367937104,1.2753624046400296,7.574197002419826e-17
25.48873539,738.0781860000001,736.2893448914789,1.7888411085211828,734.9531736912768,1.3361712002021138,7.517785444912228e-17
25.49610101,738.2871094,736.3111995176988,1.9759098823011527,734.9123251390461,1.3988743786526958,7.46200172418554e-17
25.50346663,738.8557739,736.3352724735417,2.5205014264582815,734.8718222804096,1.4634501931322397,7.406836558564566e-17
25.51083226,739.4223022000001,736.361536441819,3.0607657581811054,734.8316650610836,1.5298713807353406,7.352280763592922e-17
25.51819788,739.911499,736.3899583633952,3.5215406366048683,734.7918535901081,1.5981047732871339,7.298325543715257e-17
25.5255635,740.0380249,736.4204996683397,3.617525231660238,734.7523878127281,1.6681118556116648,7.244962044222107e-17
25.53292912,739.6289673,736.4531162000981,3.1758510999019336,734.7132677289433,1.739848471154828,7.192181644764135e-17
25.54029475,738.7458496,736.4877584122243,2.25809118777579,734.6744932863467,1.8132651258775487,7.139975810900252e-17
25.54766037,738.0750122000001,736.5243713454246,1.5506408545754766,734.6360645902223,1.8883067552022261,7.088336373433859e-17
25.55502599,737.3693237000001,736.5628951349158,0.8064285650842749,734.5979815876931,1.9649135472227732,7.037255099856795e-17
25.56239161,737.7344971,736.6032651102389,1.1312319897610905,734.5602442787595,2.043020831479459,6.986723975402969e-17
25.56975723,738.4963989,736.6454121892318,1.8509867107682112,734.5228526634219,2.1225595258099816,6.936735128639147e-17
25.57712286,738.5615234,736.6892633523784,1.872260047621694,734.4858066916186,2.203456660759748,6.887280761617648e-17
25.58448848,737.9995117000001,736.7347418831505,1.2647698168495936,734.4491064639415,2.2856354192090236,6.838353414728512e-17
25.5918541,736.6109619,736.7817682741761,-0.17080637417609523,734.412751929859,2.3690163443171137,6.78994556094807e-17
25.59921972,736.6373901000001,736.8302606077752,-0.1928705077751829,734.3767430893722,2.453517518403054,6.742049872277969e-17
25.60658534,736.2811889999999,736.8801352965577,-0.5989462965577559,734.341079942481,2.539055354076754,6.694659149469376e-17
25.61395097,736.8972167999999,736.931307897523,-0.03409109752305994,734.3057624414714,2.6255454560515488,6.647766255988349e-17
25.62131659,737.1398926,736.9836936305795,0.15619896942052947,734.2707906822407,2.712902948338849,6.601364369357731e-17
25.62868221,737.4849853999999,737.037208636997,0.4477767630029348,734.236164616606,2.8010440203909908,6.555446596609741e-17
25.63604783,737.7434692,737.0917705711473,0.6516986288527278,734.2018842445659,2.889886326581432,6.510006227096819e-17
25.64341346,738.3044434,737.1472996158515,1.1571437841485022,734.1679495202839,2.9793500955676344,6.465036605302518e-17
25.65077908,737.9074097,737.20371901938,0.7036906806200705,734.1343605359043,3.0693584834755887,6.420531372022132e-17
25.6581447,737.6108397999999,737.2609563107608,0.3498834892391187,734.1011172451208,3.1598390656400075,6.376484095720819e-17
25.66551032,737.2376098999999,737.3189436223112,-0.08133372231122848,734.0682196479324,3.2507239743786904,6.33288851509689e-17
25.67287594,737.0247803,737.3776181630606,-0.35283786306058573,734.0356677443388,3.3419504187217757,6.289738475485478e-17
25.68024157,737.7344971,737.436922362425,0.29757473757501884,734.0034614908518,3.433460871573178,6.247027868996128e-17
25.68760719,738.5452881,737.4968031281124,1.0484849718875466,733.971600974919,3.5252021531933684,6.204750863739733e-17
25.69497281,739.0424805,737.5572112402258,1.4852692597742134,733.9400861525814,3.61712508764431,6.162901553852235e-17
25.70233843,738.6378174,737.6180990330715,1.0197183669284868,733.9089170238403,3.7091820092311965,6.12147419000542e-17
25.70970405,738.3061522999999,737.6794172762376,0.6267350237623077,733.8780935886939,3.801323687543639,6.080463119149417e-17
25.71706968,738.0463257,737.7411105036282,0.3052151963718188,733.8476158059993,3.8934946976288356,6.039862727739308e-17
25.7244353,737.7941284,737.8031099582273,-0.008981558227333153,733.8174837585143,3.9856261997130225,5.99966765977888e-17
25.73180092,737.9085693,737.8653249649292,0.04324433507076719,733.7876974046235,4.077627560305646,5.959872484263546e-17
25.73916654,737.6187744,737.9276306144964,-0.3088562144963589,733.7582567443283,4.169373870168061,5.920471914418064e-17
25.74653217,737.8395386,737.9898527360878,-0.1503141360877862,733.7291617383626,4.260690997725186,5.88146069783998e-17
25.75389779,737.7620239,738.0517489897323,-0.2897250897323147,733.7004124657287,4.351336524003575,5.842833826110144e-17
25.76126341,737.5638428,738.1129876538786,-0.5491448538786017,733.6720088866891,4.44097876718945,5.804586215344053e-17
25.76862903,737.4658812999999,738.1731232724095,-0.7072419724096335,733.6439510012465,4.529172271163056,5.766712916930074e-17
25.77599465,737.4718627999999,738.2315722104003,-0.759709410400319,733.6162388093976,4.615333401002616,5.729209062701943e-17
25.78336028,737.4200438999999,738.2875906798888,-0.8675467798889258,733.5888722742257,4.698718405663137,5.692069813197805e-17
25.7907259,737.3199463,738.3402592538247,-1.020312953824714,733.5618514700382,4.778407783786477,5.655290557324731e-17
25.79809152,737.0147095,738.3884806627892,-1.3737711627892395,733.5351763594458,4.853304303343372,5.618866608339931e-17
25.80545714,736.8248901000001,738.4309956773167,-1.6061055773166117,733.5088469424486,4.9221487348680295,5.582793404566917e-17
25.81282276,736.7492676,738.4664239547575,-1.717156354757435,733.4828632190479,4.983560735709596,5.5470664572987807e-17
25.82018839,736.7758179,738.4933326098571,-1.7175147098571415,733.4572251546692,5.036107455187927,5.511681301591094e-17
25.82755401,736.7633667,738.5103308348416,-1.746964134841619,733.4319328189276,5.078398015913961,5.476633686595511e-17
25.83491963,737.2025757,738.5161830611584,-1.313607361158347,733.406986176783,5.109196884375309,5.441919285988373e-17
25.84228525,737.4313965,738.5099252448078,-1.0785287448078407,733.3823852282326,5.127540016575218,5.4075338892861813e-17
25.84965087,737.4794312000001,738.4909657149013,-1.0115345149012,733.3581299732778,5.132835741623628,5.373473352297059e-17
25.8570165,737.1733397999999,738.4591511596708,-1.2858113596709018,733.3342203796933,5.124930779977505,5.339733550281232e-17
25.86438212,737.0431518999999,738.4147844643346,-1.3716325643347318,733.310656512399,5.104127951935635,5.3063105595217655e-17
25.87174774,736.897522,738.3585899339151,-1.4610679339151602,733.2874383387002,5.071151595214947,5.2732003812957995e-17
25.87911336,736.840271,738.2916340977899,-1.4513630977899084,733.2645658585975,5.027068239192377,5.2403991243635484e-17
25.88647899,736.3129272000001,738.215217397413,-1.9022901974128672,733.242039041741,4.9731783556719735,5.207902913887903e-17
25.89384461,735.9888916,738.1307573588181,-2.141865758818085,733.2198579492979,4.910899409520191,5.1757080663758564e-17
25.90121023,735.5908812999999,738.0396796971671,-2.448798397167252,733.1980225504512,4.841657146715873,5.143810823879657e-17
25.90857585,735.9702758999999,737.9433320449577,-1.973056144957809,733.1765328451993,4.766799199758461,5.112207529809142e-17
25.91594147,736.3582153,737.8429245565359,-1.4847092565358935,733.155388833542,4.687535722993864,5.080894583558885e-17
25.9233071,736.7255249,737.7394976064771,-1.0139727064771478,733.1345904874793,4.604907118997865,5.0498683975530776e-17
25.93067272,736.7420654,737.6339130651572,-0.8918476651572291,733.1141378634834,4.519775201673879,5.0191255643434253e-17
25.93803834,737.1602783,737.5268609255957,-0.3665826255956972,733.0940309330831,4.432829992512545,4.9886626028965765e-17
25.94540396,737.076416,737.4188778801548,-0.34246188015481493,733.0742696962784,4.3446081838764306,4.958476126508049e-17
25.95276958,737.0030517999999,737.3103704678621,-0.3073186678622051,733.0548541530688,4.255516314793177,4.9285627995443716e-17
25.96013521,736.637085,737.2016395604676,-0.5645545604676272,733.0357842777985,4.16585528266905,4.8989192964576253e-17
25.96750083,736.4648437999999,737.0929043671287,-0.6280605671287276,733.0170601222494,4.075844244879288,4.8695424614993347e-17
25.97486645,736.6903687000001,736.9843222998597,-0.2939535998596057,732.9986816602959,3.9856406395637953,4.840429066369498e-17
25.98223207,737.4208984,736.8760070366025,0.5448913633975963,732.9806488919376,3.895358144664925,4.811575970696053e-17
25.9895977,737.668457,736.7680423473964,0.9004146526035584,732.9629617933974,3.8050805539990415,4.782980042109605e-17
25.99696332,737.3596802000001,736.6604936917352,0.6991865082649156,732.9456204126991,3.7148732790360572,4.754638310358374e-17
26.00432894,736.5332031,736.553415641401,-0.020212541400951523,732.9286247255964,3.6247909158046046,4.726547733561442e-17
26.01169456,736.7166748,736.4468585099473,0.2698162900526313,732.9119747320892,3.534883777858094,4.698705353051753e-17
26.01906018,736.9197998,736.3408724253698,0.5789273746302115,732.8956704321781,3.445201993191606,4.671108253599685e-17
26.02642581,737.6085205,736.2355099760149,1.3730105239851582,732.8797118044308,3.3557981715840652,4.643753525675075e-17
26.03379143,737.5682982999999,736.1308284739358,1.4374698260641026,732.8640988921793,3.266729581756531,4.616638412923377e-17
26.04115705,736.9123535,736.0268899674011,0.8854635325989193,732.8488316735243,3.1780582938768327,4.589760088609284e-17
26.04852267,736.3111572,735.9237620846849,0.3873951153151438,732.8339101484639,3.0898519362209544,4.563115803777281e-17
26.05588829,735.6702271,735.8215177346322,-0.15129063463211878,732.8193343169992,3.0021834176329594,4.5367028492467184e-17
26.06325392,735.0233764999999,735.7202345214095,-0.6968580214095255,732.8051041600456,2.915130361363861,4.510518519527807e-17
26.07061954,734.8162231000001,735.6199946546204,-0.8037715546203117,732.7912197162414,2.828774938379087,4.484560254033376e-17
26.07798516,734.9040527000001,735.5208833722221,-0.6168306722220223,732.7776809660322,2.743202406189924,4.458825423126898e-17
26.08535078,735.605835,735.4229886841064,0.1828463158935847,732.7644879094196,2.6585007746868303,4.433311469978275e-17
26.09271641,735.9636230000001,735.3264002818419,0.6372227181582275,732.7516405291935,2.5747597526483252,4.408015840029085e-17
26.10008203,736.1264647999999,735.2312092560392,0.8952555439607295,732.7391388602409,2.4920703957982937,4.382936117444528e-17
26.10744765,736.1611328,735.1375065420287,1.023626257971273,732.7269828848835,2.4105236571452444,4.3580698184516173e-17
26.11481327,735.9813843,735.0453827321669,0.9360015678330456,732.7151726031216,2.33021012904535,4.333414528405031e-17
26.12217889,735.1013793999999,734.9549272929705,0.14645210702940403,732.7037080149544,2.2512192780161953,4.3089678667104373e-17
26.12954452,734.8139037999999,734.8662278649413,-0.05232406494133102,732.6925891055234,2.1736387594178113,4.28472745347883e-17
26.13691014,735.4764404,734.7793702345335,0.6970701654664708,732.6818159050172,2.097554329516397,4.260691040323258e-17
26.14427576,735.9157715,734.6944371795578,1.2213343204422245,732.671388398106,2.0230487814517266,4.236856312350337e-17
26.15164138,735.5369873,734.6115085973203,0.9254787026796976,732.6613065847914,1.9502020125288437,4.2132210195357135e-17
26.159007,735.4990234,734.5306611020336,0.9683622979664506,732.6515704650715,1.8790906369621176,4.1897829431435334e-17
26.16637263,735.3074341,734.451967712174,0.8554663878260271,732.6421800264325,1.8097876857415127,4.1665398637809894e-17
26.17373825,735.085083,734.3754981392369,0.7095848607631297,732.6331352943739,1.742362844862963,4.1434896868471395e-17
26.18110387,734.7354736000001,734.3013180800597,0.43415551994041834,732.62443625591,1.6768818241496042,4.1206302526996985e-17
26.18846949,734.5169678,734.2294896471914,0.2874781528086032,732.6160829110413,1.613406736150118,4.0979594626499335e-17
26.19583512,734.0409546,734.1600712315116,-0.11911663151158791,732.6080752491321,1.5519959823794347,4.075475216392731e-17
26.20320074,733.7558594,734.0931179999659,-0.337258599965935,732.6004132919238,1.4927047080421054,4.053175533384127e-17
26.21056636,733.9702758999999,734.0286815113448,-0.05840561134482414,732.5930970283107,1.4355844830340854,4.031058369226582e-17
26.21793198,734.4105835,733.9668103321264,0.4437731678735872,732.5861264582945,1.3806838738318694,4.009121737568141e-17
26.2252976,734.7802734,733.9075502269617,0.8727231730383664,732.5795015818726,1.3280486450890994,3.9873636790043236e-17
26.23266323,734.4452514999999,733.8509444176642,0.5943070823357175,732.5732223907562,1.2777220269080267,3.965782231459549e-17
26.24002885,734.173584,733.7970342653823,0.37654973461769714,732.5672889019952,1.2297453633871607,3.944375546718436e-17
26.24739447,733.8986206000001,733.7458592288735,0.15276137112653032,732.5617011068293,1.18415812204417,3.923141714207375e-17
26.25476009,734.1139526000001,733.6974576328872,0.41649496711283973,732.5564590052591,1.1409986276281212,3.9020788780188206e-17
26.26212571,733.913147,733.6518670814104,0.26127991858959376,732.5515625972848,1.100304484125602,3.8811852070862054e-17
26.26949134,734.1924437999999,733.6091249248766,0.5833188751232683,732.5470118769617,1.06211304791484,3.860458866759495e-17
26.27685696,734.1289062000001,733.5692690398894,0.5596371601106966,732.5428068566471,1.02646218324228,3.839898130744184e-17
26.28422258,734.8781738,733.5323380574092,1.3458357425907934,732.5389475299285,0.9933905274807102,3.8195012118861214e-17
26.2915882,735.2952271,733.4983721970277,1.7968549029723135,732.535433896805,0.9629383002227621,3.799266374576792e-17
26.29895383,735.9109497000001,733.4674137838762,2.443535916123892,732.5322659532108,0.935147830665443,3.779191878985464e-17
26.30631945,736.0102539,733.4395080449541,2.570745855045857,732.5294437077478,0.9100643372063761,3.759276089495894e-17
26.31368507,736.0601807,733.4147035013713,2.6454771986287824,732.5269671558804,0.8877363454908869,3.7395173108283835e-17
26.32105069,736.5054321,733.3930527941725,3.112379305827517,732.5248362976076,0.8682164965648344,3.7199138969227065e-17
26.32841631,737.0339966,733.3746132996083,3.65938330039171,732.5230511329319,0.8515621666764279,3.700464223232618e-17
26.33578194,737.0231934,733.3594477726643,3.6637456273356293,732.5216116601305,0.8378361125338498,3.681166660292383e-17
26.34314756,736.913269,733.3476250860884,3.565643913911572,732.5205178831143,0.8271072029741888,3.662019677977352e-17
26.35051318,736.7712402000001,733.3392207636186,3.432019436381438,732.5197697996941,0.8194509639244603,3.643021687985949e-17
26.3578788,736.9575195,733.334317716186,3.623201783814011,732.5193674098682,0.814950306317775,3.6241711485230764e-17
26.36524442,736.6051636,733.3330068572479,3.2721567427520313,732.5193107136383,0.813696143609594,3.6054665376849276e-17
26.37261005,736.1204223999999,733.3353877319648,2.7850346680351095,732.5195997116307,0.8157880203341313,3.5869063280507824e-17
26.37997567,735.3892822,733.3415691042214,2.0477130957785903,732.5202344030617,0.8213347011596857,3.568489086978613e-17
26.38734129,735.4078979,733.3516695584273,2.056228341572705,732.5212147880875,0.8304547703397358,3.550213325121484e-17
26.39470691,735.3693237000001,733.3658180481725,2.003505651827595,732.5225408667097,0.8432771814627698,3.5320775971238954e-17
26.40207253,735.5167847,733.3841544230457,2.1326302769542735,732.5242126389262,0.859941784119543,3.514080476039997e-17
26.40943816,735.7893677000001,733.4068299541127,2.382537745887362,732.5262301077128,0.8805998463999278,3.4962205288977193e-17
26.41680378,736.0980835,733.4340076578397,2.664075842160287,732.5285932675897,0.9054143902500573,3.4784964132272536e-17
26.4241694,736.2706909,733.4658628902378,2.8048280097622182,732.5313021210627,0.9345607691750248,3.460906731306986e-17
26.43153502,736.2069702,733.5025835919214,2.7043866080786074,732.5343566681313,0.9682269237900858,3.443450127072298e-17
26.43890065,735.7493896000001,733.5443706859372,2.2050189140628618,732.5377569136454,1.006613772291907,3.4261252380812267e-17
26.44626627,735.5847778,733.5914380967454,1.9933397032546054,732.5415028483749,1.0499352483705398,3.4089307891636965e-17
26.45363189,735.5118408,733.644013281077,1.8678275189229225,732.5455944766986,1.0984188043784173,3.39186545104432e-17
26.46099751,735.645813,733.7023371324697,1.94347586753031,732.550031798618,1.152305333851732,3.3749279343564244e-17
26.46836313,735.9104004,733.7666640872371,2.143736312762826,732.5548148141334,1.2118492731038144,3.3581169657880665e-17
26.47572876,736.7849731000001,733.8372622010464,2.9477108989536873,732.5599435304416,1.2773186706048294,3.34143126527384e-17
26.48309438,737.5133667,733.9144126522345,3.59895404776546,732.565417933617,1.348994718617499,3.324869636203155e-17
26.49046,738.0962524,733.9984101255218,4.097842274478239,732.5712380303885,1.4271720951333553,3.308430829270989e-17
26.49782562,738.1429443,734.0895621562005,4.0533821437994675,732.5774038207546,1.5121583354458632,3.292113633032708e-17
26.50519124,737.81073,734.1881888452863,3.6225411547137583,732.5839153047164,1.6042735405699236,3.275916850942738e-17
26.51255687,737.3815917999999,734.2946225338467,3.0869692661532326,732.5907724918188,1.7038500420278229,3.259839279387732e-17
26.51992249,737.0930786,734.409206635667,2.6838719643329796,732.5979753634406,1.8112312722264512,3.243879794620256e-17
26.52728811,737.1043091,734.5322958179376,2.5720132820624713,732.6055239286579,1.9267718892796175,3.228037221582218e-17
26.53465373,736.5991821,734.6642546387446,1.93492746125537,732.6134181874718,2.0508364512728314,3.2123104211679896e-17
26.54201936,736.597168,734.8054569759538,1.791711024046208,732.6216581513017,2.1837988246520403,3.1966982469924363e-17
26.54938498,736.9446411,734.9562842245936,1.9883568754064527,732.6302437977756,2.326040426817914,3.181199629817749e-17
26.5567506,737.7635498,735.1171253063927,2.646424493607242,732.6391751378451,2.477950168547598,3.165813450181899e-17
26.56411622,738.2662964,735.2883746587363,2.9779217412636854,732.6484521715092,2.639922487227023,3.1505386231419816e-17
26.57148184,738.251709,735.4704310450015,2.7812779549984725,732.658074898769,2.8123561462325433,3.135374076809361e-17
26.57884747,738.3104857999999,735.6636963327495,2.6467894672504144,732.6680433333936,2.995652999355918,3.1203187317953693e-17
26.58621309,738.5125122000001,735.8685728216434,2.643939378356663,732.6783574483138,3.1902153733295617,3.105371582637851e-17
26.59357871,738.711731,736.085463096666,2.6262679033339964,732.6890172568292,3.396445839836778,3.0905315749815827e-17
26.60094433,738.5,736.3147671647977,2.185232835202328,732.700022758941,3.6147444058566847,3.075797687306065e-17
26.60830995,738.227478,736.5568807754033,1.6705972245966905,732.7113739546476,3.845506820755779,3.061168910235905e-17
26.61567558,738.5757446,736.8121937428491,1.7635508571509035,732.723070860065,4.089122882784118,3.0466442267185865e-17
26.6230412,738.9196777000001,737.0810864171752,1.8385912828248365,732.735113443433,4.345972973742309,3.0322226905911334e-17
26.63040682,739.2365112000001,737.3639295545896,1.8725816454104915,732.7475017203947,4.616427834194982,3.0179033080976255e-17
26.63777244,738.9680176,737.6610806670908,1.3069369329092524,732.7602356909533,4.900844976137451,3.0036851167427695e-17
26.64513807,738.9929199,737.9728824480835,1.020037451916437,732.7733153730996,5.199567074983846,2.9895671462403824e-17
26.65250369,738.5546875,738.2996586632618,0.2550288367382336,732.7867407313179,5.512917931943852,2.97554849488754e-17
26.65986931,738.9168091,738.6417142569326,0.2750948430674498,732.8005117831312,5.8412024738012756,2.9616282144057774e-17
26.66723493,739.2567138999999,738.9993312244198,0.257382675580061,732.8146285285416,6.184702695878273,2.947805386591291e-17
26.67460055,740.333313,739.3727665653402,0.9605464346598183,732.8290909675466,6.543675597793634,2.934079103928278e-17
26.68196618,741.0318603999999,739.7622503759985,1.2696100240013948,732.8438991204857,6.918351255512836,2.9204484509988244e-17
26.6893318,741.6168213,740.1679812970244,1.448840002975544,732.8590529471512,7.308928349873159,2.9069125782292936e-17
26.69669742,741.9650879,740.5901273227989,1.3749605772010227,732.8745524674118,7.715574855387127,2.893470590713505e-17
26.70406304,742.6016846,741.0288214201098,1.5728631798901915,732.8903976812676,8.138423738842247,2.8801216222223114e-17
26.71142866,742.9935912999999,741.4841598554034,1.5094314445965438,732.9065885887203,8.577571266683101,2.866864816493633e-17
26.71879429,742.8831177000001,741.9562007785804,0.9269169214196609,732.9231252124532,9.033075566127184,2.853699309282463e-17
26.72615991,742.9219360000001,742.4449597161167,0.4769762838833458,732.940007507565,9.50495220855174,2.84062429959865e-17
26.73352553,743.0769042999999,742.9504116698797,0.12649263012019674,732.9572354962729,9.99317617360681,2.8276389423301365e-17
26.74089115,743.2127075,743.4724870319238,-0.2597795319238685,732.9748091785759,10.497677853347923,2.81474241973182e-17
26.74825678,743.5147705,744.0110716422502,-0.496301142250104,732.9927285790377,11.018343063212448,2.8019339060305555e-17
26.7556224,743.8295287999999,744.566002786859,-0.7364739868590959,733.0109936490012,11.555009137857825,2.7892126367370856e-17
26.76298802,744.116394,745.1370728200822,-1.0206788200821393,733.0296044125598,12.107468407522294,2.7765778041855794e-17
26.77035364,744.6061401000001,745.7240258162464,-1.1178857162462918,733.048560869714,12.675464946532266,2.7640286270874306e-17
26.77771926,744.7495117000001,746.3265581941795,-1.577046494179399,733.0678630204643,13.25869517371515,2.7515643329613263e-17
26.78508489,744.9479980000001,746.94431985134,-1.9963218513398715,733.0875108917194,13.856808959620558,2.7391841412631214e-17
26.79245051,745.2524414,747.5769114847034,-2.324470084703421,733.1075044301297,14.469407054573761,2.7268873303866574e-17
26.79981613,746.4441528,748.2238907615783,-1.7797379615783484,733.127843662136,15.096047099442321,2.7146731367018084e-17
26.80718175,747.9215697999999,748.884770592907,-0.9632007929070596,733.1485285877366,15.736242005170377,2.7025408217863544e-17
26.81454737,749.1917114,749.5590220676933,-0.36731066769323206,733.1695592069332,16.389462860760045,2.690489655449388e-17
26.821913,749.4604492000001,750.2460780235522,-0.7856288235520879,733.1909355489815,17.055142474570676,2.6785188994235284e-17
26.82927862,749.5985107000001,750.9453324731155,-1.34682177311538,733.2126575558391,17.732674917276427,2.6666278721561723e-17
26.83664424,749.9296875,751.6561499408323,-1.7264624408322788,733.2347252562913,18.42142468454099,2.6548158511913832e-17
26.84400986,750.7453613,752.3778660628238,-1.632504762823828,733.2571386503396,19.12072741248421,2.6430821381818157e-17
26.85137548,751.0055542,753.1097934048604,-2.1042392048603915,733.279897737983,19.82989566687739,2.631426042478922e-17
26.85874111,751.3459472999999,753.8512279401258,-2.505280640125875,733.3030025508251,20.54822538930066,2.619846865362682e-17
26.86610673,751.5247192,754.6014510222972,-3.07673182229712,733.3264530261285,21.274997996168587,2.608343962719146e-17
26.87347235,752.1177368,755.3597419419117,-3.2420051419117044,733.3502491950285,22.009492746883215,2.596916650619978e-17
26.88083797,753.1920166,756.1253808556398,-2.9333642556398445,733.3743910575231,22.750989798116716,2.585564268211032e-17
26.8882036,754.9186401000001,756.8976580992455,-1.9790179992454568,733.3988786470936,23.498779452151844,2.574286146582484e-17
26.89556922,756.5980835,757.6758773955859,-1.0777938955858417,733.4237118972492,24.25216549833672,2.5630816698210494e-17
26.90293484,757.3102417,758.4593694748947,-1.1491277748947368,733.4488908409994,25.010478633895342,2.551950183047719e-17
26.91030046,757.4085693,759.2474948072245,-1.8389255072245305,733.4744154783457,25.773079328878755,2.5408910536736302e-17
26.91766608,758.2697754,760.039650708537,-1.7698753085370527,733.5002858092876,26.53936489924948,2.5299036559480663e-17
26.92503171,759.1708374,760.8352770240849,-1.6644396240849346,733.5265018696518,27.308775154433107,2.518987356097391e-17
26.93239733,760.487793,761.6338541365529,-1.1460611365529303,733.5530635882533,28.08079054829968,2.5081415714235274e-17
26.93976295,761.5690308,762.434908451836,-0.8658776518360582,733.5799710004512,28.85493745138484,2.4973656812958148e-17
26.94712857,762.5039673,763.2380023747501,-0.7340350747500679,733.6072241062438,29.63077826850617,2.4866590864443405e-17
26.95449419,763.3260498,764.0427232026065,-0.7166734026064887,733.6348229056321,30.407900296974407,2.476021194007942e-17
26.96185982,764.5998535,764.8486633434337,-0.24880984343371892,733.6627674367905,31.185895906643207,2.4654514031479174e-17
26.96922544,766.0697021000001,765.6553836573693,0.4143184426308153,733.6910576238388,31.964326033530526,2.4549491622752366e-17
26.97659106,767.2625122000001,766.462373127825,0.8001390721750568,733.7196935044826,32.74267962334242,2.4445138828711227e-17
26.98395668,768.418335,767.2689793437972,1.1493556562027152,733.748675078723,33.520304265074294,2.4341449969008002e-17
26.99132231,769.6541137999999,768.074323466952,1.5797903330478675,733.7780023866089,34.29632108034308,2.4238419283962972e-17
26.99868793,770.9542847,768.8771829917138,2.07710170828625,733.8076753485088,35.06950764320494,2.4136041492429788e-17
27.00605355,771.7014771,769.675857267143,2.0256198328570463,733.8376940040052,35.838163263137716,2.4034310951773963e-17
27.01341917,772.2130127,770.467993674286,1.7450190257139866,733.8680583530959,36.59993532119014,2.393322221754034e-17
27.02078479,772.6523437999999,771.2503947113407,1.4019490886591939,733.8987683957821,37.351626315558576,2.383276990239832e-17
27.02815042,773.7163696,772.0188106625069,1.6975589374931133,733.9298241744627,38.08898648804411,2.373294854032735e-17
27.03551604,774.3588867000001,772.7677318652926,1.5911548347074813,733.961225604809,38.80650626048358,2.3633753127144134e-17
27.04288166,774.6898193,773.4902264543332,1.199592845666757,733.9929727287513,39.497253725581864,2.353517830667772e-17
27.05024728,775.0646972999999,774.177844752804,0.8868525471958719,734.0250655462901,40.15277920651399,2.3437218913023505e-17
27.0576129,775.1576537999999,774.8206574360185,0.33699636398148414,734.0575040574226,40.76315337859575,2.3339869833916494e-17
27.06497853,775.7061157,775.4074752612204,0.29864043877967106,734.0902883068957,41.31718695432474,2.32431258791274e-17
27.07234415,776.2018433,775.9262888108909,0.2755544891090267,734.1234182056901,41.80287060520082,2.3146982304363462e-17
27.07970977,776.6778563999999,776.3649527200573,0.31290367994256485,734.1568937980792,42.20805892197816,2.3051434022559652e-17
27.08707539,777.1190186000001,776.712063614891,0.40695498510910966,734.1907150840639,42.52134853082717,2.2956476129434903e-17
27.09444102,777.1168213,776.9579517165034,0.15886958349653924,734.2248821102662,42.73306960623721,2.286210364337739e-17
27.10180664,776.6854857999999,777.0956354370072,-0.4101496370072937,734.2593947839105,42.83624065309676,2.2768312016530604e-17
27.10917226,775.9500732000001,777.1215762901312,-1.1715030901310683,734.2942531511508,42.82732313898038,2.2675096365438526e-17
27.11653788,775.2359008999999,777.0360785732095,-1.8001776732095323,734.3294572119876,42.706621361221885,2.258245198373258e-17
27.1239035,774.9381714,776.8432547619963,-1.905083361996276,734.3650069664186,42.47824779557765,2.2490374213015447e-17
27.13126913,775.0079956000001,776.5505613664853,-1.5425657664852679,734.4009024634138,42.14965890307151,2.2398858318408023e-17
27.13863475,774.9371338,776.168005261594,-1.2308714615940062,734.4371436055062,41.73086165608781,2.2307899984196745e-17
27.14600037,774.9522095,775.7071691616253,-0.7549596616253211,734.4737304411933,41.23343872043202,2.221749456779088e-17
27.15336599,774.1790161,775.1802312448752,-1.001215144875232,734.5106629704756,40.66956827439973,2.212763759690578e-17
27.16073161,774.0338135,774.5991104852343,-0.5652969852343404,734.5479411933547,40.051169291879596,2.2038324644382483e-17
27.16809724,773.2163696,773.9748223582045,-0.7584527582044984,734.5855651611432,39.389257197061276,2.194955120748255e-17
27.17546286,772.6116943,773.3170761642466,-0.7053818642466467,734.6235347716815,38.69354139256502,2.1861313188712835e-17
27.18282848,771.9794922,772.6340825641809,-0.6545903641808763,734.6618500758163,37.97223248836454,2.177360617216051e-17
27.1901941,772.2339477999999,771.9325434538657,0.3014043461341771,734.7005110735458,37.232032380319836,2.1686425905792128e-17
27.19755973,772.0592651000001,771.2177568096465,0.8415082903535449,734.7395178180632,36.478238991583346,2.1599768062749933e-17
27.20492535,771.6148682,770.4937970601395,1.1210711398605326,734.7788702034532,35.714926856686404,2.1513628710740146e-17
27.21229097,770.9951782,769.7637152685431,1.2314629314569174,734.8185682824383,34.94514698610487,2.1428003605630593e-17
27.21965659,770.5651855000001,769.0297501301941,1.5354353698060095,734.8586120550194,34.17113807517466,2.1342888662265913e-17
27.22702221,769.6884155,768.2935176673636,1.3948978326363886,734.8990015211957,33.394516146167874,2.1258279835974784e-17
27.23438784,768.6195068,767.5561753663114,1.0633314336885178,734.9397367365068,32.61643862980458,2.1174173008240585e-17
27.24175346,767.9751587000001,766.8185627359429,1.1565959640571464,734.9808175903431,31.83774514559975,2.10905644422976e-17
27.24911908,767.2856445,766.0813039597957,1.2043405402042708,735.022244137775,31.05905982202074,2.1007450097542646e-17
27.2564847,766.6798096,765.3448954241427,1.3349141758573069,735.0640163788034,30.28087904533926,2.092482608650228e-17
27.26385032,765.7003174,764.6097667599568,1.0905506400432614,735.1061343134265,29.50363244653026,2.0842688559850345e-17
27.27121595,765.4160767000001,763.8763242311726,1.539752468827487,735.1485979995309,28.727726231641658,2.0761033595425876e-17
27.27858157,765.2140502999999,763.1449850152542,2.0690652847457613,735.191407321815,27.95357769343924,2.067985764057276e-17
27.28594719,764.8112183,762.4161905802774,2.3950277197225205,735.2345623376932,27.181628242584228,2.0599156846554587e-17
27.29331281,763.9697266,761.6904217082832,2.27930489171672,735.278063047168,26.412358661115277,2.0518927512211558e-17
27.30067844,762.7210083,760.9682013840109,1.7528069159891402,735.3219095100017,25.646291874009204,2.0439165864376688e-17
27.30804406,761.4747313999999,760.2500991037052,1.2246322962946579,735.366101607136,24.883997496569222,2.0359868489977362e-17
27.31540968,760.3768311000001,759.5367222367672,0.8401088632328992,735.4106393978664,24.12608283890083,2.028103168589604e-17
27.3227753,759.1262207000001,758.828715072912,0.2975056270880714,735.4555228821928,23.373192190719276,2.020265189234793e-17
27.33014092,758.1630249,758.1267516035176,0.03627329648236355,735.5007520601139,22.62599954340375,2.0124725583873714e-17
27.33750655,757.4661255,757.4315275691145,0.034597930885524875,735.5463269937404,21.885200575374075,2.0047249164060498e-17
27.34487217,757.2949829,756.7437568604549,0.5512260395450994,735.5922475593225,21.151509301132464,1.9970219385284668e-17
27.35223779,756.3989868,756.0641584465957,0.33482835340430483,735.6385138184992,20.425644628096535,1.9893632717214644e-17
27.35960341,755.4491577,755.3934529338111,0.05570476618891007,735.6851257712715,19.70832716253965,1.9817485767781445e-17
27.36696903,754.1973267000001,754.7323547261062,-0.5350280261061471,735.7320834176403,19.000271308465955,1.974177517731175e-17
27.37433466,753.1757812000001,754.0815646999448,-0.9057834999447323,735.7793868220601,18.302177877884652,1.9666497516248852e-17
27.38170028,752.0984497000001,753.4417677861147,-1.3433180861146639,735.8270358560881,17.614731930026657,1.959164969300312e-17
27.3890659,751.2661132999999,752.8136222802906,-1.5475089802906723,735.8750305837129,16.93859169657767,1.9517228340390727e-17
27.39643152,750.4072266,752.1977585781394,-1.7905319781394837,735.923371004932,16.274387573207385,1.944323022466503e-17
27.40379714,749.7012938999999,751.594774048874,-1.8934801488741186,735.9720571197477,15.622716929126376,1.9369652142671144e-17
27.41116277,749.4506836,751.005228581794,-1.5545449817939243,736.0210889949608,14.984139586833175,1.9296490822452742e-17
27.41852839,749.3499756,750.429644667592,-1.0796690675920217,736.070466497436,14.359178170156088,1.9223743319655285e-17
27.42589401,749.1031494,749.8685000341775,-0.7653506341774801,736.1201896935063,13.748310340671173,1.9151406421226993e-17
27.43325963,748.4542847,749.3222288251357,-0.8679441251356366,736.1702585831731,13.15197024196251,1.907947704295876e-17
27.44062526,747.9085693,748.7912185299401,-0.8826492299401707,736.2206732351151,12.570545294824978,1.9007952032711678e-17
27.44799088,747.5298462000001,748.2758117618606,-0.7459655618605439,736.2714335124415,12.00437824941914,1.8936828557968875e-17
27.4553565,747.7360229,747.7763012818484,-0.04027838184845223,736.3225394833639,11.453761798484534,1.886610352288253e-17
27.46272212,747.59021,747.2929326589008,0.2972773410991749,736.3739911478815,10.918941511019252,1.8795773956928244e-17
27.47008774,747.7469482000001,746.8259036686401,0.921044531360053,736.4257885059942,10.400115162645838,1.872583691721254e-17
27.47745337,747.0947266,746.3753641667577,0.7193624332422814,736.4779316287304,9.89743253802724,1.865628939400676e-17
27.48481899,746.0509033,745.9414193005417,0.1094839994582344,736.5304203745036,9.41099892603812,1.8587128687600153e-17
27.49218461,744.4261475,745.5241269089453,-1.0979794089453208,736.5832548138724,8.940872095072933,1.851835184147593e-17
27.49955023,743.4452514999999,745.1235013156028,-1.6782498156028396,736.6364349468372,8.48706636876559,1.84499560202261e-17
27.50691585,742.9819336,744.7395142539218,-1.7575806539217638,736.6899607733967,8.049553480525148,1.838193841457401e-17
27.51428148,743.2418822999999,744.3720961234151,-1.130213823415147,736.7438323669257,7.628263756489339,1.83142961495042e-17
27.5216471,743.4152832000001,744.0211398749436,-0.6058566749435386,736.7980495811466,7.2230902937969725,1.8247026650807684e-17
27.52901272,743.6524658,743.6865000725522,-0.03403427255227598,736.8526124889618,6.833887583590522,1.818012709379611e-17
27.53637834,743.5454712000001,743.3679970824734,0.1774741175266854,736.9075210903725,6.46047599210094,1.81135947708699e-17
27.54374397,743.4152832000001,743.0654184268417,0.3498647731584015,736.9627754606308,6.102642966210882,1.8047426909567826e-17
27.55110959,743.2484131,742.7785227386333,0.46989036136665163,737.0183754497025,5.760147288930807,1.7981621031134362e-17
27.55847521,743.2024536,742.5070396787204,0.6954139212796235,737.0743211323688,5.432718546351587,1.7916174411258194e-17
27.56584083,742.9517212000001,742.2506740092302,0.7010471907698275,737.1306125086321,5.120061500598114,1.7851084439632688e-17
27.57320645,742.4224243,742.009107589464,0.41331671053603714,737.1872495784896,4.821858010974274,1.778634852961521e-17
27.58057208,741.9648437999999,741.782001485735,0.18284231426491715,737.2442324195408,4.537769066194158,1.7721964030795818e-17
27.5879377,741.8016968,741.5689995683399,0.23269723166004042,737.3015608770597,4.26743869128018,1.7657928577913802e-17
27.59530332,741.8379517000001,741.3697290058276,0.4682226941724821,737.3592350281733,4.010493977654267,1.7594239566140154e-17
27.60266894,741.7679443,741.183803807817,0.5841404921829962,737.4172548728825,3.7665489349344394,1.753089450095141e-17
27.61003456,741.1098022000001,741.0108267323241,0.09897546767604126,737.4756204111877,3.5352063211363767,1.7467890910235584e-17
27.61740019,740.6397705,740.8503912261913,-0.21062072619122318,737.5343317230322,3.3160595031591082,1.7405226259202637e-17
27.62476581,740.2857666,740.7020843445655,-0.41631774456550374,737.593388648997,3.1086956955684366,1.734289828999421e-17
27.63213143,739.8537597999999,740.5654874178125,-0.7117276178125849,737.6527912685578,2.912696149254706,1.728090451099048e-17
27.63949705,739.6728516,740.4401788132832,-0.767327213283238,737.7125395817138,2.7276392315693267,1.7219242537343017e-17
27.64686268,739.4828491000001,740.3257353309052,-0.842886230905151,737.7726336702872,2.5531016606180303,1.7157909922392408e-17
27.6542283,739.3447876,740.2217344716827,-0.8769468716826623,737.8330733711032,2.3886611005794425,1.7096904490068866e-17
27.66159392,739.4743652000001,740.1277550570296,-0.6533898570295378,737.8938587655161,2.2338962915134926,1.7036223835061122e-17
27.66895954,740.2218627999999,740.0433793020399,0.17848349796008733,737.9549898535229,2.088389448516965,1.6975865656113937e-17
27.67632516,740.6984863,739.968193976596,0.7302923234040009,738.0164666351261,1.9517273414699106,1.6915827672317924e-17
27.68369079,741.2681885,739.9017915308003,1.3663969691996272,738.0782891944932,1.8235023363070995,1.6856107542029664e-17
27.69105641,741.0095825,739.84377154028,1.16581095971992,738.140457363756,1.7033141765240851,1.6796703186544354e-17
27.69842203,740.4365234,739.793741151288,0.6427822487120238,738.2029712266144,1.5907699246736389,1.6737612303413647e-17
27.70578765,739.4302368,739.7513163285593,-0.3210795285592667,738.2658307830693,1.4854855454899536,1.667883269098372e-17
27.71315327,739.4555664,739.716122528929,-0.2605561289290108,738.3290360331189,1.3870864958100522,1.662036216689565e-17
27.7205189,739.3284302000001,739.6877953341321,-0.3593651341320765,738.3925870632788,1.2952082708533041,1.6562198489123735e-17
27.72788452,739.0280762,739.6659811630121,-0.6379049630121472,738.4564837009898,1.2094974620223857,1.6504339671223638e-17
27.73525014,739.0133057,739.6503375145627,-0.637031814562647,738.5207260322945,1.1296114822681846,1.6446783508341183e-17
27.74261576,739.1592407,739.6405335135398,-0.48129281353976694,738.5853140571953,1.055219456344548,1.638952789329568e-17
27.74998139,739.6239624,739.6362501630466,-0.012287763046629152,738.6502478640855,0.9860022989610866,1.6332570660086094e-17
27.75734701,739.383728,739.6371805779852,-0.25345257798517196,738.7155272766463,0.9216533013388626,1.6275909892608516e-17
27.76471263,739.2189941,739.6430300936842,-0.4240359936841287,738.7811523828032,0.8618777108810555,1.621954346050186e-17
27.77207825,738.9176025,739.6535163694875,-0.73591386948749,738.8471231825561,0.8063931869314176,1.6163469328677263e-17
27.77944387,739.0871582000001,739.6683693884047,-0.581211188404609,738.9134396759032,0.7549297125015173,1.610768547960406e-17
27.7868095,739.0695801,739.6873314358277,-0.6177513358276201,738.9801019535853,0.7072294822424184,1.6052189837978947e-17
27.79417512,739.2804565,739.7101568876567,-0.4297003876566805,739.0471098345943,0.6630470530624213,1.59969805715311e-17
27.80154074,739.7097167999999,739.7366122136324,-0.02689541363247372,739.1144634091979,0.6221488044345045,1.594205563878474e-17
27.80890636,739.9464111000001,739.7664756846366,0.17993541536350222,739.1821626773972,0.5843130072394476,1.588741309064869e-17
27.81627198,739.9060059,739.7995371624384,0.10646873756161312,739.2502076391916,0.5493295232468228,1.5833050994704078e-17
27.82363761,739.8726807,739.8355978837415,0.037082816258589446,739.3185983876679,0.5169994960735974,1.5778967361794656e-17
27.83100323,739.3880615,739.8744699643281,-0.48640846432806484,739.3873347371223,0.4871352272058905,1.5725160439187583e-17
27.83836885,739.3891602000001,739.9159763725627,-0.526816172562576,739.4564167801736,0.4595595923889972,1.5671628269848406e-17
27.84573447,738.8353882,739.9599503960653,-1.1245621960653125,739.5258445168188,0.43410587924657823,1.561836898635932e-17
27.8531001,738.4321289,740.0062353950292,-1.5741064950292412,739.595618042023,0.4106173530061126,1.5565380665384032e-17
27.86046572,738.47052,740.0546841765532,-1.5841641765532586,739.6657371663305,0.3889470102227387,1.5512661614898156e-17
27.86783134,739.1687012,740.1051589910535,-0.936457791053499,739.7362019842317,0.3689570068217693,1.5460209942394294e-17
27.87519696,739.1276245,740.1575308962153,-1.029906396215324,739.8070124957285,0.3505184004868081,1.5408023842849636e-17
27.88256258,739.0183716,740.2116794268716,-1.1933078268715462,739.8781687008222,0.3335107260493295,1.5356101526447363e-17
27.88992821,738.5361328,740.2674922792054,-1.7313594792053664,739.9496706968198,0.3178215823856087,1.5304441148462914e-17
27.89729383,738.2230225,740.3248646138574,-2.1018421138574013,740.0215182895727,0.30334632428465613,1.5253041089304827e-17
27.90465945,738.4331055,740.3836991224846,-1.9505936224845755,740.0937115759216,0.28998754656296355,1.5201899533545702e-17
27.91202507,738.6992798,740.4439053435627,-1.7446255435627336,740.1662505558656,0.27765478769703655,1.5151014750675558e-17
27.91939069,739.1326293999999,740.5053993606308,-1.372769960630876,740.2391352294048,0.26626413122595166,1.5100385024640702e-17
27.92675632,739.6061401000001,740.5681035199835,-0.9619634199834763,740.312365696197,0.25573782378652066,1.505000858547653e-17
27.93412194,739.762085,740.631945729697,-0.8698607296970522,740.3859417573967,0.2460039723003029,1.4999883882395746e-17
27.94148756,739.7662964,740.6968596222513,-0.9305632222512941,740.459863512192,0.23699611005931553,1.4950009173287067e-17
27.94885318,739.4575195,740.7627838785585,-1.3052643785584905,740.5341309605833,0.22865291797513868,1.4900382798492355e-17
27.9562188,738.8112183,740.8296619873595,-2.018443687359536,740.6087441025693,0.22091788479023713,1.4851003112103213e-17
27.96358443,738.0795897999999,740.8974420254985,-2.8178522254986547,740.6837030401539,0.21373898534463043,1.480186841528188e-17
27.97095005,737.7150879,740.9660759892456,-3.250988089245652,740.7590075698013,0.2070684194443337,1.475297722262578e-17
27.97831567,737.6734619,741.0355200604263,-3.3620581604262725,740.8346577930433,0.20086226738291615,1.4704327861788807e-17
27.98568129,737.9945679,741.1057339668002,-3.1111660668002514,740.910653709881,0.1950802569192588,1.4655918740512224e-17
27.99304692,738.8508301,741.17668091106,-2.3258508110599223,740.9869954241949,0.1896854868650258,1.4607748214382286e-17
