2theta,Intensity,Model,Residual,Background,extrapeak,hcp FeNiSi
23.00141627,1810.9433589999999,1817.9059739625382,-6.962614962538282,1814.2539386189342,3.6021830450395296,0.04985229856442911
23.0115954,1812.0028079999997,1817.4788823241297,-5.476074324129968,1813.6433361078984,3.7850832570653847,0.05046295916587144
23.02177453,1812.31311,1817.0634940855605,-4.750384085560427,1813.0331016430089,3.979306456680295,0.051085985871357376
23.03195366,1810.789307,1816.6604350024227,-5.871128002422665,1812.4232352242652,4.1854780531155305,0.05172172504181899
23.04213279,1809.6777339999999,1816.270358300187,-6.592624300187026,1811.8137368516675,4.404250913103227,0.05237053541609596
23.05231192,1809.517334,1815.8939468668514,-6.376612866851474,1811.204606525216,4.636307552968176,0.05303278866724999
23.06249105,1811.057983,1815.531915971032,-4.473932971032127,1810.5958442449107,4.882362856127291,0.05370886999403514
23.07267018,1812.6940920000002,1815.1850166095815,-2.4909246095812705,1809.9874500107512,5.143167420078758,0.054399178751496274
23.08284931,1812.452271,1814.8540396035744,-2.4017686035742827,1809.379423822738,5.419511651710948,0.05510412912541342
23.09302844,1812.2210690000002,1814.539820577976,-2.3187515779757177,1808.7717656808709,5.7122307462486575,0.055824150856242115
23.10320757,1812.653564,1814.2432459787346,-1.5896819787346885,1808.1644755851498,6.022210703565597,0.056559690019324316
23.1133867,1812.304565,1813.965260301587,-1.6606953015871113,1807.5575535355747,6.350395556142782,0.057311209869541566
23.12356584,1812.5449219999998,1813.7068744858705,-1.1619524858706427,1806.9509989364465,6.697796356900982,0.058079192522993484
23.13374497,1812.6313480000001,1813.4691771799442,-0.8378291799440376,1806.3448129795258,7.065500063489931,0.058864136928284135
23.1439241,1811.669434,1813.2533453675446,-1.5839113675447152,1805.7389950687507,7.4546837342953625,0.05966656449858918
23.15410323,1811.126343,1813.0606597174572,-1.93431671745725,1805.1335452041212,7.866627496001064,0.06048701733488988
23.16428236,1811.35022,1812.8925211103651,-1.5423011103650879,1804.5284633856384,8.302731664390386,0.06132606033639568
23.17446149,1811.081421,1812.75047025409,-1.6690492540899413,1803.9237496133019,8.764536358057732,0.062184282730374824
23.18464062,1810.687012,1812.6362105064761,-1.9491985064760229,1803.3194038871109,9.253744319566044,0.06306229979920443
23.19481975,1811.8065190000002,1812.5516343217728,-0.7451153217725732,1802.7154262070662,9.772247359863767,0.06396075484284175
23.20499888,1812.836914,1812.4988537639501,0.3380602360498415,1802.1118165731675,10.322156869359539,0.06488032142299462
23.21517801,1812.419434,1812.48023554689,-0.06080154689016126,1801.5085749854152,10.905838855529899,0.06582170594494187
23.22535714,1813.0406489999998,1812.498441057879,0.54220794212074,1800.9057014438085,11.525953963426025,0.06678565064455477
23.23553627,1812.745972,1812.556471783719,0.18950021628097602,1800.3031959483483,12.185502898308721,0.06777293706189065
23.2457154,1812.473877,1812.657720467477,-0.18384346747711788,1799.7010584990342,12.887877578343572,0.06878439009919012
23.25589453,1813.3571780000002,1812.806028147772,0.5511498522282636,1799.099289095866,13.636918169125323,0.06982088278059141
23.26607366,1813.338989,1813.0057469261767,0.333242073823385,1798.4978877388442,14.43697584547853,0.07088334185391064
23.27625279,1812.157593,1813.2618078055364,-1.1042148055364578,1797.8968544279683,15.292980623166263,0.07197275440192578
23.28643193,1811.679565,1813.5797924915503,-1.9002274915503676,1797.2961885733246,16.2105137414514,0.07309017677426813
23.29661106,1812.421265,1813.9660044814937,-1.544739481493707,1796.6958913551025,17.195876386957032,0.07423673943418936
23.30679019,1812.2677,1814.42753974116,-2.1598397411598853,1796.0959621830261,18.256163893600856,0.07541366453308918
23.31696932,1812.98645,1814.9723434816367,-1.9858934816365945,1795.4964010570964,19.39932014994829,0.07662227459203247
23.32714845,1812.7087399999998,1815.609246284226,-2.9005062842261395,1794.8972079773125,20.634174297842524,0.07786400907079616
23.33732758,1811.3609620000002,1816.347960850493,-4.98699885049291,1794.2983829436746,21.970437464070283,0.07914044274818642
23.34750671,1814.0762940000002,1817.19901466576,-3.1227206657597435,1793.699925956183,23.41863540204982,0.08045330752699868
23.35768584,1816.316406,1818.1735826434035,-1.8571766434035908,1793.1018370148372,24.989941110286694,0.08180451827956005
23.36786497,1817.0256350000002,1819.2831694064778,-2.257534406477589,1792.5041161196377,26.695857083392305,0.08319620344769649
23.3780441,1816.856689,1820.5390728441682,-3.682383844168271,1791.9067632705844,28.54767883236241,0.08463074122130541
23.38822323,1816.404175,1821.9515398625258,-5.54736486252591,1791.309778467677,30.555650592605392,0.08611080224346251
23.39840236,1817.553589,1823.5285049275967,-5.974915927596612,1790.7131617109158,32.727703816752914,0.08763939992794179
23.40858149,1820.608398,1825.2737891842305,-4.66539118423043,1790.1169130003004,35.06765623430214,0.08921994962796981
23.41876062,1825.042236,1827.1846462662816,-2.1424102662815585,1789.5210323358315,37.57275759238664,0.09085633806347587
23.42893975,1828.552368,1829.2485931689498,-0.6962251689499226,1788.9255197175085,40.230520446842945,0.09255300459843113
23.43911888,1832.4901120000002,1831.4395933101048,1.050518689895398,1788.3303751453316,43.014903128613255,0.09431503616006416
23.44929802,1836.889648,1833.7139030455482,3.1757449544518295,1787.7355980351715,45.88215673073107,0.09614827964562178
23.45947715,1840.901978,1836.0062533164012,4.895724683598928,1787.1411895556485,48.76700429764625,0.0980594631065134
23.46965628,1845.008911,1838.2275618488309,6.7813491511690245,1786.5471491222715,51.58035637118879,0.10005635537048053
23.47983541,1846.633057,1840.2657231012465,6.367333898753486,1785.9534767350406,54.21009843535767,0.1021479308483585
23.49001454,1847.3344730000001,1841.9911917649258,5.343281235074301,1785.3601723939555,56.52667480162802,0.1043445693422449
23.50019367,1847.370483,1843.2683941516013,4.10208884839858,1784.7672360990168,58.394499769114525,0.10665828346988673
23.5103728,1847.895386,1843.9724197460587,3.92296625394124,1784.174667850224,59.6886489168224,0.10910297901214527
23.52055193,1847.355225,1844.0081580502988,3.3470669497012295,1783.5824676475775,60.313995650730384,0.11169475199085648
23.53073106,1845.1429440000002,1843.3270668273594,1.8158771726407394,1782.9906354910772,60.22197910974408,0.11445222653819676
23.54091019,1840.65271,1841.9364207501337,-1.2837107501336504,1782.3991713807225,59.419852431558304,0.11739693785291583
23.55108932,1835.403198,1839.8979017591914,-4.494703759191452,1781.8080753165145,57.96927267793271,0.12055376474407987
23.56126845,1831.5369870000002,1837.316022070045,-5.779035070044756,1781.217347298452,55.974723355164066,0.12395141642870544
23.57144758,1827.600586,1834.3202398234039,-6.71965382340386,1780.626987326536,53.565629518504316,0.12762297836365621
23.58162671,1824.2229,1831.0460487020916,-6.8231487020916575,1780.036995400766,50.87744677938451,0.13160652194105243
23.59180584,1823.0372309999998,1827.6194568615108,-4.582225861511006,1779.447371521142,48.03613955752344,0.1359457828452565
23.60198497,1820.773804,1824.1470870296848,-3.373283029684899,1778.858115687664,45.14828042927854,0.14069091274226594
23.61216411,1816.277222,1820.7119496917153,-4.434727691715352,1778.2692273219882,42.29682305563011,0.1458993140969973
23.62234324,1811.5686039999998,1817.3736126751292,-5.805008675129329,1777.6807075811641,39.54126856342352,0.15163653054153975
23.63252237,1809.4471440000002,1814.1710037417138,-4.723859741713568,1777.092555886486,36.92047058111522,0.15797727411250104
23.6427015,1810.877075,1811.1264132319227,-0.24933823192259297,1776.504772237954,34.45663450382095,0.16500649014769986
23.65288063,1812.779541,1808.2496092766255,4.529931723374602,1775.9173566355685,32.15943210387654,0.17282053718050944
23.66305976,1812.103882,1805.541508776208,6.562373223792065,1775.3303090793286,30.0296712438601,0.18152845301935688
23.67323889,1810.06543,1802.9971657157196,7.068264284280531,1774.743629569235,28.062282835008375,0.19125331147615396
23.68341802,1807.674316,1800.6080517596565,7.066264240343571,1774.1573181052872,26.24859998657983,0.2021336677894005
23.69359715,1804.2679440000002,1798.3637098557751,5.904234144225029,1773.571374687486,24.578010079287644,0.21432508900150485
23.70377628,1800.683228,1796.2528999312817,4.4303280687183815,1772.9857993158307,23.039098851942185,0.22800176350892373
23.71395541,1797.918823,1794.2643569567651,3.6544660432348337,1772.4005919903211,21.62040678473963,0.2433581817043876
23.72413454,1795.2991940000002,1792.3872659404828,2.9119280595173223,1771.815752710958,20.310902352449528,0.26061087707539277
23.73431367,1793.3220210000002,1790.6115375143038,2.710483485696386,1771.231281477741,19.10025582224243,0.2800002143203753
23.7444928,1791.6336670000003,1788.927947556666,2.705719443334374,1770.64717829067,17.978977057986082,0.3017922080100435
23.75467193,1787.890015,1787.3281871636082,0.5618278363917852,1770.063443149745,16.93846366178351,0.32628035207983835
23.76485106,1785.265747,1785.8048557844386,-0.5391087844386675,1769.480076054966,15.970992292448209,0.3537874370243057
23.7750302,1784.25293,1784.3514188026138,-0.09848880261370141,1768.897076433775,15.069675008604339,0.38466736023442744
23.78520933,1782.844604,1782.96215329676,-0.11754929676021675,1768.3144454316498,14.228401154740554,0.4193067103697195
23.79538846,1782.203735,1781.6320708124317,0.5716641875683308,1767.7321824756707,13.441761782219722,0.45812655454125667
23.80556759,1781.918213,1780.3568521078244,1.5613608921755713,1767.150287565838,12.704980756282582,0.5015837857037799
23.81574672,1779.575562,1779.132776250617,0.4427857493828924,1766.5687607021512,12.01384311386513,0.550172434600885
23.82592585,1777.85498,1777.9566550331665,-0.10167503316642978,1765.9876018846103,11.364628421280027,0.6044247272762793
23.83610498,1778.264893,1776.8257724138073,1.4391205861927574,1765.4068111132158,10.754049430800798,0.664911869790655
23.84628411,1778.5753170000003,1775.737829441074,2.837487558926341,1764.8263883879674,10.179196542324505,0.7322445107818999
23.85646324,1776.8343510000002,1774.690894670763,2.1434563292370967,1764.2463337088648,9.637488131192965,0.8070728307054503
23.86664237,1775.773438,1773.6833598167661,2.0900781832338,1763.6666470759085,9.12662653536215,0.8900862054954409
23.8768215,1775.196045,1772.7139002253741,2.4821447746257945,1763.0873284890984,8.644559344149858,0.9820123921260016
23.88700063,1774.7561039999998,1771.7814396883966,2.974664311603192,1762.5083779484341,8.189445555712057,1.083616184250335
23.89717976,1772.4436039999998,1770.8851190852388,1.5584849147610385,1761.929795453916,7.759626143443809,1.1956974878789577
23.90735889,1769.355591,1770.0242683497304,-0.6686773497303875,1761.3515810055442,7.353598574140053,1.3190887700461864
23.91753802,1769.4552,1769.1983812817857,0.2568187182143902,1760.7737346033182,6.969994840757943,1.4546518377096604
23.92771715,1769.148682,1768.4070927590749,0.7415892409251228,1760.1962562472384,6.607562602007359,1.603273909829102
23.93789629,1768.0052489999998,1767.6501572179482,0.3550917820516588,1759.6191453705308,6.2651487277786115,1.7658631196387216
23.94807542,1768.168823,1766.9274324375285,1.2413905624714516,1759.0424031071047,5.941686890725133,1.9433424396987014
23.95825455,1769.144531,1766.2388572411055,2.905673758894409,1758.4660288898249,5.636183903602401,2.1366444476782807
23.96843368,1768.2875980000001,1765.584437714509,2.7031602854910943,1757.890022718691,5.347711252615062,2.3467037432029043
23.97861281,1767.997925,1764.964230474757,3.033694525242936,1757.3143845937032,5.075396492963799,2.574449388089958
23.98879194,1770.158325,1764.378327331207,5.779997668793158,1756.7391145148615,4.818416346786683,2.820796469558688
23.99897107,1770.10022,1763.8268404330177,6.273379566982385,1756.1642124821658,4.575990966347889,3.08663698450404
24.0091502,1768.8367920000003,1763.3098877969044,5.52690420309591,1755.5896784956162,4.347379193636118,3.3728301076519904
24.01932933,1768.5242920000003,1762.8275791476647,5.696712852335622,1755.0155125552128,4.131874667518075,3.680191924933741
24.02950846,1768.85083,1762.380002041255,6.470827958745076,1754.4417146609555,3.928802647500123,4.009484732799304
24.03968759,1768.7247309999998,1761.9672082762374,6.757522723762349,1753.8682848128444,3.737517439173947,4.361406024219019
24.04986672,1765.996582,1761.5892006341708,4.407381365829224,1753.2952230108792,3.5574003207634943,4.736577302527945
24.06004585,1764.00354,1761.245920022869,2.757619977130844,1752.7225292550602,3.3878578830197066,5.135532884789174
24.07022498,1764.2753910000001,1760.9372331282657,3.3381578717344382,1752.1502035453873,3.2283207061968566,5.558708876681652
24.08040411,1763.597412,1760.6629207107544,2.9344912892456705,1751.5782458818605,3.078242308121905,6.006432520771946
24.09058324,1762.5296629999998,1760.4226667101375,2.106996289862309,1751.0066562644795,2.9370983065685143,6.478912139089398
24.10076237,1762.749512,1760.216048349519,2.5334636504810533,1750.435434693245,2.8043857473713305,6.976227908902755
24.11094151,1762.536743,1760.0425272979755,2.4942157020243485,1749.8645806075292,2.679622438249973,7.498324252196445
24.12112064,1760.9757079999997,1759.9014430856894,1.0742649143103336,1749.2940951289484,2.5623469737078852,8.045000983033198
24.13129977,1759.941895,1759.792006551285,0.14988844871481888,1748.7239776965134,2.452117603830311,8.61591125094134
24.1414789,1760.225464,1759.7132969977772,0.5121670022228955,1748.1542283102247,2.3485123726968036,9.210556314855653
24.15165803,1760.685425,1759.6642607030208,1.0211642969791228,1747.584846970082,2.2511286511030595,9.82828508183568
24.16183716,1761.829346,1759.6437121609977,2.185633839002321,1747.0158336760855,2.15958279881653,10.468295686095683
24.17201629,1762.157959,1759.6503381587274,2.5076208412724554,1746.4471884282352,2.073509818369097,11.129639912123007
24.18219542,1760.8063960000002,1759.6827049748558,1.1236910251443533,1745.8789112265308,1.9925629918193277,11.811230756505742
24.19237455,1759.201416,1759.739268970084,-0.5378529700838044,1745.3110020709723,1.9164134945273354,12.51185340458426
24.20255368,1758.7946780000002,1759.818390808208,-1.023712808207847,1744.7434609615602,1.844749982205265,13.230179864442652
24.21273281,1760.295532,1759.9183534917408,0.3771785082592487,1744.1762878982943,1.777278149374919,13.964787444071735
24.22291194,1761.157593,1760.037384305367,1.1202086946329928,1743.609482881174,1.7137202589100817,14.714181165282811
24.23309107,1761.4589839999999,1760.1736806144534,1.2853033855465128,1743.0430459102001,1.6538146435994843,15.476820060653697
24.2432702,1760.84021,1760.3254392346587,0.5147707653413818,1742.4769769853722,1.59731518166397,16.251147067622462
24.25344933,1760.113159,1760.4908887272045,-0.37772972720449616,1741.9112761066906,1.5439907489298907,17.035621871583977
24.26362846,1760.718628,1760.6683234153197,0.050304584680361586,1741.345943274155,1.4936246509239397,17.828755490240773
24.2738076,1760.577881,1760.8561372518373,-0.2782562518373197,1740.7809779329236,1.4460139930581932,18.629145325855454
24.28398673,1761.314575,1761.052853063205,0.2617219367950838,1740.216381193042,1.400969268113299,19.435502602049805
24.29416586,1761.093994,1761.257144705464,-0.16315070546397692,1739.652152499306,1.358313470438051,20.24667873571999
24.30434499,1760.414062,1761.4678404048286,-1.053778404828563,1739.0882918517163,1.317881675483885,21.06166687762837
24.31452412,1760.764893,1761.6838981059184,-0.9190051059183588,1738.5247992502727,1.279520380943291,21.879578474702278
24.32470325,1759.72168,1761.904334588131,-2.182654588130845,1737.9616746949753,1.2430868989408599,22.69957299421478
24.33488238,1759.000244,1762.1280848640465,-3.1278408640464477,1737.3989181858237,1.2084487546347509,23.520717923588013
24.34506151,1760.456055,1762.3537610853848,-1.8977060853846979,1736.8365297228186,1.1754830944014885,24.341748268164782
24.35524064,1762.7121579999998,1762.5792745683882,0.1328834316116172,1736.274509305959,1.1440761064663212,25.16068915596287
24.36541977,1764.520264,1762.8012850619739,1.7189789380261118,1735.712856935246,1.1141224565121295,25.97430567021566
24.3755989,1764.80957,1763.0144565595533,1.7951134404465847,1735.151572610679,1.0855247404601385,26.777359208414214
24.38577803,1763.761108,1763.2105418702106,0.5505661297893312,1734.5906563322578,1.0581929562753178,27.561692581677487
24.39595716,1762.1428219999998,1763.3774037663015,-1.2345817663017442,1734.0301080999832,1.0320439963140347,28.31525167000436
24.40613629,1762.6578370000002,1763.4982153255266,-0.8403783255264443,1733.4699279138542,1.0070011614084402,29.021286250263884
24.41631542,1763.24231,1763.5512423861271,-0.3089323861270259,1732.9101157738714,0.9829936975747909,29.658132914680927
24.42649455,1761.991577,1763.5107153646486,-1.5191383646485974,1732.3506716800348,0.959956355945186,30.2000873286686
24.43667369,1761.95105,1763.349202490667,-1.3981524906671439,1731.7915950832876,0.9378289549478271,30.61977845243164
24.44685282,1760.3498539999998,1763.0414694261735,-2.691615426173712,1731.2328870821045,0.9165560735001231,30.892026270568984
24.45703195,1758.331665,1762.5690825416898,-4.237417541689865,1730.6745471270676,0.8960865513327049,30.998448863289404
24.46721108,1759.5260010000002,1761.9243477077462,-2.3983467077459864,1730.1165752181773,0.8763732306556192,30.931399258913164
24.47739021,1760.403198,1761.1120831169867,-0.7088851169867212,1729.5589713554327,0.8573726106083251,30.695739150945588
24.48756934,1759.300903,1760.1484826649446,-0.8475796649445329,1729.001735538834,0.8390445460058218,30.30770258010476
24.49774847,1756.878052,1759.0575511731604,-2.179499173160366,1728.4448677683815,0.8213519674705272,29.79133143730844
24.5079276,1754.828125,1757.8665109336005,-3.038385933600466,1727.8883680440754,0.8042606221210169,29.173882267404004
24.51810673,1753.91748,1756.6016794546433,-2.684199454643249,1727.3322363659152,0.787738833915157,28.48170425481308
24.52828586,1753.1652829999998,1755.28573402691,-2.120451026910132,1726.776472733901,0.7717572826911421,27.737504010317785
24.53846499,1751.692139,1753.9365250151257,-2.244386015125656,1726.221077148033,0.7562888009129617,26.959159066179673
24.54864412,1751.36377,1752.5670908634847,-1.2033208634848052,1725.6660496083111,0.7413081871058796,26.15973306806763
24.55882325,1751.163696,1751.1863657718498,-0.022669771849678,1725.111390114735,0.7267920349599848,25.348183622154806
24.56900238,1749.9508059999998,1749.800144190211,0.150661809788744,1724.5570986673054,0.7127185770846608,24.53032694582103
24.57918151,1748.898926,1748.4120235244488,0.4869024755512328,1724.0031752660216,0.6990675424115705,23.70978071601581
24.58936064,1747.766113,1747.024190776491,0.7419222235089364,1723.4496199108842,0.6858200262675004,22.888750839339224
24.59953978,1746.37439,1745.6380143354156,0.7363756645843296,1722.8964320586208,0.672958359717672,22.068623917077034
24.60971891,1745.036743,1744.2544630235614,0.7822799764385309,1722.343612796137,0.6604660523306615,21.250384175093703
24.61989804,1744.7722170000002,1742.8743660928246,1.8978509071755525,1721.7911615797993,0.6483276189345739,20.434876894090678
24.63007717,1743.288696,1741.498578457071,1.7901175429290106,1721.2390784096076,0.6365285421737269,19.622971505289623
24.6402563,1741.675659,1740.128063024584,1.5475959754160158,1720.687363285562,0.625055179673953,18.815644559347934
24.65043543,1739.970825,1738.7639235825595,1.2069014174405766,1720.1360162076624,0.6138946916278096,18.01401268326944
24.66061456,1738.945312,1737.4074054011237,1.5379065988763614,1719.5850371759093,0.603034975292135,17.21933324992223
24.67079369,1738.506714,1736.0598765502866,2.4468374497134846,1719.034426190302,0.5924646057599727,16.432985754224692
24.68097282,1735.991211,1734.7227987404976,1.2684122595023837,1718.4841832508405,0.5821727824158776,15.656442707241375
24.69115195,1732.612061,1733.397693494194,-0.7856324941940329,1717.9343083575257,0.5721492805291081,14.891235856139266
24.70133108,1731.627686,1732.086107371477,-0.4584213714770158,1717.3848015103565,0.5623844074833363,14.138921453637153
24.71151021,1731.085327,1730.7895785609503,0.29574843904970294,1716.8356627093337,0.5528689631836131,13.401046888432868
24.72168934,1729.9516600000002,1729.5096062069833,0.44205379301683934,1716.2868919544567,0.5435942042212325,12.679120048305517
24.73186847,1730.3258059999998,1728.247623227959,2.0781827720409183,1715.7384892457262,0.5345518114149964,11.974582170817596
24.7420476,1729.8773190000002,1727.0049729798548,2.8723460201454145,1715.1904545831414,0.5257338603826783,11.288784536330652
24.75222673,1727.461426,1725.7828898625155,1.6785361374845706,1714.6427879667028,0.517132794829564,10.622969100983164
24.76240587,1724.990845,1724.5824826341657,0.408362365834364,1714.0954888589242,0.5087413941284412,9.97825238111291
24.772585,1724.712036,1723.4047272978476,1.3073087021523406,1713.5485583351394,0.5005527839907624,9.355616178717435
24.78276413,1725.5263670000002,1722.250451690305,3.275915309695165,1713.0019958575006,0.49256036686947485,8.755895465934922
24.79294326,1724.6265870000002,1721.1203350928363,3.5062519071639144,1712.4558014260078,0.48475783673401696,8.179775830094385
24.80312239,1722.2514649999998,1720.0149048260096,2.236560173990256,1711.9099750406615,0.4771391538912566,7.6277906314567945
24.81330152,1720.874756,1718.934536646082,1.9402193539178825,1711.364516701461,0.4696985295529106,7.100321415067987
24.82348065,1720.7910160000001,1717.8794574482515,2.9115585517486124,1710.8194264084066,0.4624304116583801,6.5976006281866075
24.83365978,1719.380005,1716.8497499745342,2.530255025465749,1710.2747041614984,0.45532947182341443,6.119716341212476
24.84383891,1717.6455079999998,1715.845359230668,1.8001487693318268,1709.7303499607365,0.4483905932995118,5.666618676632076
24.85401804,1717.016846,1714.8661003261911,2.150745673808842,1709.1863638061202,0.4416088598417836,5.238127660229207
24.86419717,1715.8178710000002,1713.9116674641602,1.9062035358399498,1708.64274569765,0.4349795453946098,4.833942221115549
24.8743763,1714.7409670000002,1712.9816438214075,1.7593231785926946,1708.0994956353263,0.4284981045145877,4.453650081566491
24.88455543,1713.1779789999998,1712.07551207648,1.1024669235198417,1707.5566136191485,0.42216016345949764,4.096738293872054
24.89473456,1711.3739010000002,1711.1926653600888,0.18123563991139235,1707.0140996491168,0.415961511880039,3.762604199092021
24.90491369,1710.594604,1710.3324184217404,0.26218557825950484,1706.471953725231,0.40989809505832353,3.4505666014510172
24.91509282,1709.765869,1709.4940188259382,0.27185017406191037,1705.9301758474915,0.4039660066433663,3.159876971803307
24.92527196,1707.805054,1708.6766572186705,-0.8716032186705434,1705.3887654841967,0.3981614761985646,2.88973025827513
24.93545109,1706.434937,1707.8794812952435,-1.4445442952435315,1704.847723699111,0.39248088548746085,2.6392767106450914
24.94563022,1707.154175,1707.1016013524045,0.052573647595409057,1704.307049960171,0.386920728245729,2.4076306639878
24.95580935,1707.47937,1706.342103375392,1.1372666246079461,1703.7667442673776,0.3814776274404104,2.1938814805741544
24.96598848,1707.347412,1705.600057481194,1.7473545188061053,1703.22680662073,0.37614832415416677,1.997102536309879
24.97616761,1707.8371579999998,1704.8745265090345,2.96263149096535,1702.6872370202286,0.37092967252923453,1.8163598162765198
24.98634674,1707.5369870000002,1704.1645738956538,3.3724131043463785,1702.1480354658734,0.3658186349844111,1.6507197947960617
24.99652587,1707.360596,1703.469270802643,3.8913251973569913,1701.609201957664,0.3608122776851475,1.4992565672938438
25.006705,1707.059204,1702.7877024782445,4.271501521755454,1701.070736495601,0.3559077662488133,1.3610582163944696
25.01688413,1706.432495,1702.1189738497476,4.313521150252427,1700.5326390796838,0.35110236166889,1.2352324083949446
25.02706326,1705.7751460000002,1701.4622143548079,4.312931645192293,1699.9949097099131,0.34639341644345695,1.1209112284511904
25.03724239,1703.391602,1700.8165820306265,2.575019969373443,1699.4575483862882,0.3417783708946302,1.0172552734437055
25.04742152,1701.346313,1700.1812668890316,1.165046110968433,1698.9205551088094,0.3372547496668622,0.9234570305554347
25.05760065,1701.023315,1699.555493612987,1.4678213870129184,1698.3839298774767,0.33282015839300244,0.8387435771173077
25.06777978,1701.1424559999998,1698.938523616117,2.2039323838828295,1697.8476726922902,0.32847228051801486,0.7623786433086941
25.07795891,1699.787964,1698.3296565114274,1.4583074885727,1697.3117835532496,0.32420887427103146,0.6936640839068807
25.08813804,1698.684326,1697.7282310386881,0.9560949613119192,1696.7762624603552,0.3200277697772044,0.6319408085557202
25.09831718,1697.464233,1697.1336249209924,0.3306080790075612,1696.2411088880522,0.31592686231140915,0.57658917062877
25.10849631,1696.000732,1696.5452571947155,-0.5445251947155612,1695.7063238878115,0.31190412570239545,0.5270291812016203
25.11867544,1694.667236,1695.9625843206818,-1.2953483206817964,1695.1719069337169,0.30795758564943787,0.48271980131548947
25.12885457,1694.035645,1695.3851018083715,-1.3494568083715421,1694.6378580257683,0.30408533351123695,0.4431584490918808
25.1390337,1693.3760989999998,1694.812342626455,-1.4362436264550524,1694.104177163966,0.30028551994127084,0.407879942547625
25.14921283,1694.338623,1694.2438759645734,0.09474703542673524,1693.5708643483097,0.2965563526910472,0.37645526357267134
25.15939196,1694.6624760000002,1693.6793058037865,0.9831701962136776,1693.0379195787993,0.2928960945083542,0.34849013047889577
25.16957109,1694.295898,1693.1182693373776,1.17762866262251,1692.5053428554354,0.2893030611256792,0.32362342081651263
25.17975022,1694.245361,1692.5604352803216,1.6849257196784038,1691.9731341782174,0.28577561933431034,0.301525482769843
25.18992935,1693.826782,1692.0055021021767,1.8212798978233877,1691.4412935471453,0.28231218513986917,0.28189636989158545
25.20010848,1693.859985,1691.4531962145184,2.4067887854816945,1690.9098209622196,0.27891122199531243,0.26446403030343346
25.21028761,1694.210938,1690.9032701404044,3.30766785959554,1690.3787164234398,0.27557123910762515,0.24898247785701133
25.22046674,1693.68811,1690.3555006898011,3.3326093101989045,1689.8479799308063,0.2722907898146891,0.23522996918009176
25.23064587,1691.924316,1689.8096871614314,2.1146288385687058,1689.3176114843188,0.26906847002897183,0.22300720708353744
25.240825,1692.51123,1689.2656495882425,3.245580411757601,1688.787611083977,0.26590291674490363,0.2121355875204454
25.25100413,1694.258301,1688.7232270405943,5.535073959405736,1688.257978729782,0.26279280660693793,0.20245550420524008
25.26118327,1693.464355,1688.1822754676602,5.2820795323398215,1687.7287139019631,0.25973685155950416,0.1938247141376576
25.2713624,1691.813843,1687.642668271461,4.171174728538972,1687.1998176404213,0.25673380948346797,0.1861168215561979
25.28154153,1689.5914309999998,1687.1042916521048,2.4871393478949813,1686.671289425026,0.25378246491874007,0.17921976215996333
25.29172066,1687.16748,1686.5670453565074,0.6004346434926902,1686.1431292557766,0.2508816399088178,0.17303446082196708
25.30189979,1686.195557,1686.0308408583655,0.16471614163447157,1685.6153371326732,0.24803018980432495,0.1674735358880814
25.31207892,1685.463257,1685.4956001613984,-0.03234316139833027,1685.087913055716,0.24522700214095877,0.16246010354146978
25.32225805,1685.0100100000002,1684.9612546931141,0.048755306886050676,1684.5608570249049,0.24247099556124393,0.15792667264810717
25.33243718,1685.5881350000002,1684.427744287358,1.1603907126420836,1684.0341690402397,0.23976111877813902,0.15381412834036778
25.34261631,1685.503906,1683.8950162529732,1.6088897470267511,1683.507849101721,0.23709634957866177,0.15007080167354636
25.35279544,1684.511475,1683.3630245251727,1.1484504748273139,1682.9818972093478,0.23447569386576006,0.14665162195920572
25.36297457,1684.016602,1682.8317288956791,1.1848731043207863,1682.4563133631211,0.23189818473677531,0.1435173478212164
25.3731537,1682.332397,1682.3010943172537,0.03130268274617265,1681.9310975630406,0.22936288159689924,0.1406338726162947
25.38333283,1680.4013670000002,1681.771090278004,-1.369723278003903,1681.4062498091057,0.2268688693061293,0.13797159959225222
25.39351196,1680.0603030000002,1681.2416902406808,-1.1813872406805785,1680.8817701013168,0.22441525735826823,0.13550488200574543
25.40369109,1680.334595,1680.7128711421353,-0.3782761421352916,1680.3576584396749,0.22200117909061354,0.13321152336983122
25.41387022,1681.387451,1680.184612948135,1.202838051865001,1679.8339148241785,0.2196257909230251,0.13107233303363233
25.42404936,1680.36438,1679.6568977406837,0.7074822593162935,1679.3105387408434,0.21728826934709622,0.129070730493245
25.43422849,1678.492065,1679.129711442798,-0.6376464427980864,1678.787531218001,0.21498781936854272,0.1271924054283689
25.44440762,1678.317261,1678.6030404013345,-0.2857794013345938,1678.2648917413044,0.21272366005007945,0.12542499998012235
25.45458675,1677.637939,1678.0768731922528,-0.4389341922528729,1677.742620310754,0.21049503307800244,0.12375784842074064
25.46476588,1675.868286,1677.55119986674,-1.6829138667401367,1677.2207169263497,0.20830119981583747,0.12218174057437067
25.47494501,1674.862793,1677.026011746219,-2.163218746218945,1676.6991815880915,0.20614144069560617,0.12068871743194062
25.48512414,1674.835205,1676.501301244206,-1.6660962442058462,1676.1780142959794,0.20401505463091676,0.11927189359558432
25.49530327,1674.202148,1675.977061711954,-1.7749137119540137,1675.6572150500133,0.20192135845100126,0.11792530348971726
25.5054824,1674.0900880000002,1675.4532873050898,-1.3631993050896654,1675.1367838501933,0.19985968635483758,0.11664376854170452
25.51566153,1673.09668,1674.9299728686972,-1.8332928686970718,1674.6167206965197,0.19782938938455666,0.11542278279288079
25.52584066,1671.8178710000002,1674.4071138385566,-2.5892428385564017,1674.0970255889918,0.19582983491735376,0.11425841464751527
25.53601979,1672.87207,1673.8847061564863,-1.012636156486451,1673.57769852761,0.19386040617517586,0.11314722270109519
25.54619892,1674.047485,1673.3627461979345,0.6847388020655671,1673.0587395123746,0.191920501751466,0.11208618380851483
25.55637805,1673.221436,1672.8412307101958,0.38020528980428026,1672.5401485432849,0.1900095351542968,0.11107263175656264
25.56655718,1671.239136,1672.3201567597998,-1.0810207597999124,1672.0219256203416,0.1881269343652541,0.11010420509303062
25.57673631,1668.9223630000001,1671.7995216877946,-2.877158687794463,1671.5040707435444,0.18627214141344234,0.10917880283679747
25.58691545,1667.7661130000001,1671.279322560976,-3.513209560975838,1670.9865834046934,0.18444461018187994,0.10829454610061262
25.59709458,1669.50293,1670.7595581834955,-1.2566281834954225,1670.4694646205498,0.18264381316463243,0.10744974978095115
25.60727371,1669.579956,1670.2402260034005,-0.6602700034004556,1669.9527138825524,0.18086923031134144,0.1066428905367757
25.61745284,1667.2542720000001,1669.721324134251,-2.4670521342509346,1669.4363311907011,0.17912035586374267,0.10587258768623795
25.62763197,1664.669556,1669.2028508244437,-4.533294824443601,1668.9203165449958,0.17739669618829476,0.10513758325962375
25.6378111,1664.59021,1668.6848044408168,-4.094594440816763,1668.4046699454366,0.17569776942943938,0.10443672595077394
25.64799023,1666.700439,1668.1671834548063,-1.466744454806303,1667.8893913920235,0.17402310517435685,0.10376895760840446
25.65816936,1667.5505369999998,1667.6499864307511,-0.09944943075129231,1667.3744808847566,0.17237224412879196,0.10313330186580685
25.66834849,1667.397095,1667.1332120160062,0.26388298399388077,1666.8599384236356,0.17074473780352933,0.10252885456702425
25.67852762,1667.29126,1666.6168589325712,0.6744010674287892,1666.3457640086608,0.1691401482111288,0.10195477569932113
25.68870675,1666.423584,1666.100925969991,0.3226580300088244,1665.8319576398321,0.16755804757252848,0.10141028258643037
25.69888588,1664.942139,1665.585411979318,-0.6432729793179988,1665.3185193171494,0.16599801803315944,0.10089464413549795
25.70906501,1663.3592529999999,1665.0703158679646,-1.7110628679647562,1664.8054490406128,0.16445965138821547,0.10040717596357049
25.71924414,1662.099976,1664.5556365952966,-2.4556605952966493,1664.2927468102223,0.16294254881675022,0.09994723625758298
25.72942327,1662.711426,1664.041373168848,-1.3299471688478661,1663.780412625978,0.16144632062426914,0.09951422224570283
25.7396024,1662.789673,1663.5275246410513,-0.737851641051293,1663.2684464878796,0.15997058599351707,0.0991075671781467
25.74978154,1660.690674,1663.0140896022074,-2.323415602207433,1662.7568478935134,0.15851497132292272,0.0987267373710767
25.75996067,1660.498291,1662.5010681951992,-2.002777195199087,1662.2456178480686,0.15707911569306413,0.09837123143748355
25.7701398,1663.306763,1661.9884590869303,1.3183039130697125,1661.7347558487706,0.15566266206084647,0.09804057609894566
25.78031893,1663.055908,1661.4762614844083,1.5796465155917758,1661.2242618956182,0.15426526277954317,0.09773432601046185
25.79049806,1659.7036130000001,1660.9644746284432,-1.260861628443081,1660.7141359886116,0.15288657794650934,0.09745206188521899
25.80067719,1657.4370119999999,1660.4530977921304,-3.016085792130525,1660.2043781277519,0.15152627519729522,0.09719338918122025
25.81085632,1657.567139,1659.9421302794797,-2.374991279479673,1659.6949883130376,0.1501840295061113,0.09695793693602621
25.82103545,1658.2282710000002,1659.431571424189,-1.2033004241889103,1659.1859665444692,0.14885952299242616,0.09674535672737983
25.83121458,1658.310059,1658.921420588522,-0.6113615885221861,1658.6773128220473,0.14755244473347529,0.09655532174143523
25.84139371,1656.898071,1658.4116771622882,-1.5136061622881698,1658.1690271457721,0.14626249058248086,0.09638752593356285
25.85157284,1655.425293,1657.902340561904,-2.477047561904101,1657.6611095156425,0.14498936299238094,0.09624168326936974
25.86175197,1655.521362,1657.3934102295389,-1.8720482295389047,1657.1535599316583,0.1437327708448847,0.09611752703576223
25.8719311,1654.960571,1656.884885632319,-1.9243146323190103,1656.6463783938207,0.14249242928466202,0.0960148092136649
25.88211023,1655.919678,1656.3767662615937,-0.4570882615937535,1656.1395649021297,0.1412680595584989,0.09593329990547454
25.89228936,1655.992676,1655.869051632255,0.12362436774515118,1655.6331194565842,0.14005938885924488,0.09587278681151964
25.90246849,1654.178833,1655.3617412821097,-1.1829082821097927,1655.1270420571846,0.13886615017439657,0.09583307475077163
25.91264763,1653.413818,1654.854834273505,-1.4410162735050562,1654.6213322073027,0.13768808098918367,0.09581398521317044
25.92282676,1653.235474,1654.348331184328,-1.1128571843278223,1654.115990900557,0.13652492775835437,0.0958153560123513
25.93300589,1652.71582,1653.8422311195873,-1.1264111195873738,1653.6110176399577,0.1353764388240964,0.0958370408055573
25.94318502,1653.094971,1653.3365337032828,-0.24156270328285245,1653.1064124255045,0.1342423689255922,0.09587890885277826
25.95336415,1652.680054,1652.8312385797828,-0.151184579782921,1652.6021752571971,0.13312247790378387,0.09594084468184119
25.96354328,1651.369873,1652.3263454134212,-0.9564724134211247,1652.098306135036,0.13201653057465912,0.0960227478105545
25.97372241,1651.75,1651.8218538881229,-0.07185388812285964,1651.5948050590212,0.13092429660619506,0.09612453249561126
25.98390154,1651.4689939999998,1651.3177637070578,0.1512302929420457,1651.091672029152,0.1298455503988316,0.09624612750701775
25.99408067,1650.5532230000001,1650.8140745923256,-0.26085159232547994,1650.5889070454293,0.1287800709693652,0.09638747592698668
26.0042598,1649.930786,1650.310786284663,-0.3800002846630832,1650.0865101078525,0.12772764183814755,0.09654853497238265
26.01443893,1648.180054,1649.8078985431812,-1.6278445431812543,1649.5844812164219,0.126688050919488,0.09672927583993202
26.02461806,1646.897705,1649.305411145126,-2.407706145125985,1649.0828203711374,0.12566109041514895,0.09692968357352191
26.03479719,1647.455322,1648.8033238856626,-1.3480018856625975,1648.5815275719988,0.12464655671084024,0.09714975695300693
26.04497632,1647.3969730000001,1648.301636577686,-0.9046635776858238,1648.0806028190063,0.1236442502756134,0.09738950840402946
26.05515545,1647.48877,1647.8003490516526,-0.3115790516526431,1647.58004611216,0.12265397556406739,0.09764896392843542
26.06533458,1647.194214,1647.2994611554361,-0.10524715543601815,1647.07985745146,0.1216755409212713,0.09792816305493945
26.07551372,1645.809692,1646.7989722627208,-0.9892802627207402,1646.5800363460614,0.12070875754621396,0.0982271591132356
26.08569285,1645.020752,1646.2988832392343,-1.2781312392344262,1646.080583778015,0.11975344318951607,0.09854601803000855
26.09587198,1644.082642,1645.7991934925835,-1.7165514925834486,1645.5814992561147,0.11880941636766276,0.09888482010119831
26.10605111,1643.501343,1645.2999029393145,-1.7985599393146003,1645.0827827803603,0.11787650008828486,0.09924365886600875
26.11623024,1643.955444,1644.8010115130037,-0.8455675130037434,1644.584434350752,0.11695452081198889,0.09962264143975041
26.12640937,1643.2915039999998,1644.302519164244,-1.0110151642440997,1644.08645396729,0.11604330837189261,0.10002188858209278
26.1365885,1642.774292,1643.8044258606544,-1.0301338606543595,1643.5888416299742,0.11514269589534024,0.10044153478476858
26.14676763,1641.880249,1643.3067315869107,-1.4264825869106517,1643.0915973388041,0.1142525197277259,0.10088172837882503
26.15694676,1639.159546,1642.8094363448001,-3.649890344800042,1642.5947210937802,0.11337261935836596,0.10134263166156264
26.16712589,1638.09729,1642.312540153294,-4.215250153294164,1642.0982128949024,0.1125028373483514,0.10182442104335612
26.17730502,1639.397949,1641.8160430486457,-2.4180940486457985,1641.6020727421708,0.11164301926032483,0.10232728721459564
26.18748415,1640.091553,1641.3199450845084,-1.228392084508414,1641.1063006355853,0.11079301359012,0.10285143533304117
26.19766328,1638.842529,1640.824246332078,-1.9817173320780057,1640.610896575146,0.10995267170021285,0.10339708523192809
26.20784241,1638.7813720000001,1640.3289468802566,-1.547574880256434,1640.1158605608525,0.10912184775492297,0.10396447164921988
26.21802154,1638.7230220000001,1639.834046835841,-1.111024835840908,1639.6211925927053,0.10830039865731805,0.10455384447845034
26.22820067,1638.187134,1639.3395463237334,-1.1524123237334152,1639.126892670704,0.1074881839877673,0.10516546904165684
26.2383798,1638.156982,1638.845445487178,-0.688463487178069,1638.632960794849,0.10668506594409842,0.10579962638495648
26.24855894,1636.9467769999999,1638.3517440032044,-1.404967003204547,1638.1393964804429,0.105890908507483,0.10645661425412341
26.25873807,1636.823242,1637.858443022572,-1.0352010225719823,1637.646200697241,0.10510558049755446,0.10713674483328847
26.2689172,1637.477295,1637.3655422600066,0.11175273999333513,1637.1533729601858,0.10432895083619771,0.10784034898446739
26.27909633,1636.744751,1636.873041934981,-0.12829093498112343,1636.6609132692765,0.10356089162302468,0.10856777408154465
26.28927546,1636.091309,1636.3809422868756,-0.2896332868756417,1636.1688216245136,0.10280127729829372,0.10931938506369047
26.29945459,1635.3007810000001,1635.8892435753703,-0.5884625753701584,1635.6770980258966,0.10204998459172775,0.11009556488191267
26.30963372,1633.9790039999998,1635.397946080872,-1.4189420808722844,1635.1857424734255,0.1013068924726349,0.11089671497392914
26.31981285,1634.654297,1634.9070501049705,-0.2527531049704521,1634.6947549671008,0.10057188210128928,0.11172325576848023
26.32999198,1636.16272,1634.416555970924,1.7461640290759988,1634.2041355069223,0.09984483678153912,0.11257562722028452
26.34017111,1635.143799,1633.926464024181,1.2173349758188579,1633.7138840928894,0.0991256419146045,0.11345428937694867
26.35035024,1633.2463380000002,1633.4367746329362,-0.19043663293609825,1633.224000725003,0.09841418495403435,0.11435972297924771
26.36052937,1631.785034,1632.9474881887206,-1.1624541887206306,1632.7344854032626,0.09771035536178523,0.11529243009632334
26.3707085,1631.125732,1632.4586051070312,-1.3328731070312188,1632.2453381276682,0.09701404456539196,0.11625293479748101
26.38088763,1630.0219730000001,1631.9701258279986,-1.948152827998456,1631.75655889822,0.09632514591620157,0.11724178386241906
26.39106676,1629.727295,1631.4820508170983,-1.7547558170983848,1631.2681477149179,0.09564355464863615,0.1182595475319127
26.40124589,1630.686157,1630.9943805659036,-0.30822356590351774,1630.780104577762,0.09496916784045897,0.11930682030116847
26.41142503,1631.2084960000002,1630.5071151143934,0.7013808856067953,1630.2924290078397,0.09430188372192938,0.12038422283176198
26.42160416,1631.432617,1630.0202559661652,1.4123610338347135,1629.8051219633373,0.09364160425316091,0.12149239857474914
26.43178329,1630.694092,1629.533803217193,1.1602887828069015,1629.3181829649814,0.0929882311541296,0.12263202105765936
26.44196242,1629.813232,1629.0477574719418,0.765474528058121,1628.8316120127713,0.09234166849770256,0.12380379067274136
26.45214155,1629.67749,1628.5621193654931,1.1153706345069168,1628.3454091067072,0.0917018220154988,0.12500843677051904
26.46232068,1629.930664,1628.0768895646254,1.8537744353745893,1627.8595742467892,0.09106859906360779,0.12624671877264065
26.47249981,1630.057373,1627.5920687689593,2.465304231040818,1627.3741074330173,0.09044190858913266,0.12751942735274052
26.48267894,1628.7502439999998,1627.1076577121805,1.642586287819313,1626.8890086653917,0.0898216610975326,0.12882738569134286
26.49285807,1627.742798,1626.6236571633442,1.119140836655788,1626.4042779439117,0.0892077686207466,0.13017145081184547
26.5030372,1627.354858,1626.1400679282701,1.2147900717297944,1625.9199152685783,0.08860014468607254,0.13155251500588788
26.51321633,1624.9571529999998,1625.6568908510346,-0.6997378510347971,1625.4359206393908,0.08799870428578495,0.13297150735792235
26.52339546,1624.041748,1625.1741268155774,-1.13237881557734,1624.9522940563493,0.08740336384746872,0.13442939538069903
26.53357459,1624.854492,1624.691776747435,0.16271525256502173,1624.469035519454,0.08681404120505334,0.1359271867756659
26.54375372,1624.742676,1624.2098416156105,0.5328343843896164,1623.9861450287049,0.08623065557052396,0.13746593133513088
26.55393285,1625.1641849999999,1623.7283224346145,1.4358625653853778,1623.5036225841018,0.08565312750629527,0.1390467230064829
26.56411198,1626.724976,1623.2472202666859,3.4777557333140976,1623.0214681856446,0.08508137889822764,0.14067070214302924
26.57429112,1626.438232,1622.7665357522148,3.671696247785121,1622.5396813602065,0.08451533237596348,0.14233905963238513
26.58447025,1624.571533,1622.2862710009258,2.285261999074237,1622.0582630544031,0.08395491350590574,0.144053033016784
26.59464938,1621.406982,1621.8064267615168,-0.39944476151686104,1621.577212794746,0.08340004742966703,0.14581391934117166
26.60482851,1620.081299,1621.327004314312,-1.2457053143120902,1621.096530581235,0.082850661069351,0.1476230720076692
26.61500764,1622.563843,1620.8480050025867,1.7158379974132458,1620.6162164138698,0.0823066825446671,0.1494819061722392
26.62518677,1623.726807,1620.3694302368176,3.357376763182401,1620.136270292651,0.08176804114946853,0.151391903017041
26.6353659,1622.547729,1619.8912814995174,2.6564475004825,1619.656692217578,0.08123466732882334,0.1533546146106751
26.64554503,1621.0878910000001,1619.4135603507796,1.6743306492205647,1619.1774821886513,0.08070649265660769,0.15537166947160827
26.65572416,1619.10083,1618.9362684346586,0.16456156534150068,1618.6986402058708,0.08018344981360453,0.15744477897423567
26.66590329,1617.404175,1618.4594074865681,-1.0552324865682294,1618.2201662692362,0.07966547256609596,0.15957574476590963
26.67608242,1616.41272,1617.9829793418903,-1.570259341890278,1617.7420603787477,0.0791524957449387,0.16176646739774292
26.68626155,1614.904175,1617.5069859460434,-2.602810946043519,1617.2643225344052,0.07864445522510631,0.16401895641301462
26.69644068,1614.43811,1617.0314293663002,-2.593319366300193,1616.786952736209,0.07814128790568971,0.16633534218557777
26.70661981,1614.88562,1616.5563118057075,-1.67069180570752,1616.309950984159,0.0776429316903417,0.1687178898580897
26.71679894,1613.9494630000002,1616.0816356195203,-2.1321726195201336,1615.8333172782548,0.07714932546815746,0.17116901579741645
26.72697807,1612.00647,1615.6074033346556,-3.600933334655565,1615.3570516184968,0.0766604090949762,0.17369130706379993
26.73715721,1610.4373779999999,1615.1336172075148,-4.696239207514964,1614.8811535375426,0.07617612290158829,0.17628754707071104
26.74733634,1610.5566410000001,1614.6602811126947,-4.10364011269462,1614.4056239704382,0.07569640957434684,0.17896073268228452
26.75751547,1611.6759029999998,1614.1873977827684,-2.511494782768523,1613.9304624494803,0.07522121128318304,0.18171412200494766
26.7676946,1612.0002439999998,1613.7149707090805,-1.7147267090806508,1613.455668974668,0.07475047157203184,0.1845512628404621
26.77787373,1611.340576,1613.2430037218626,-1.902427721862523,1612.9812435460021,0.07428413486406685,0.18747604099641055
26.78805286,1610.124146,1612.771501044548,-2.647355044547794,1612.5071861634822,0.07382214644532818,0.19049273462039926
26.79823199,1609.098877,1612.3004673581645,-3.2015903581645944,1612.0334968271086,0.07336445244870345,0.19360607860719975
26.80841112,1608.22168,1611.8299078775774,-3.608227877577292,1611.560175536881,0.0729109998382552,0.1968213408583109
26.81859025,1608.439331,1611.3598284416416,-2.9204974416416007,1611.0872222927992,0.07246173639388462,0.20014441244855627
26.82876938,1608.575073,1610.8902356196227,-2.315162619622697,1610.6146370948636,0.07201661069632592,0.2035819140627724
26.83894851,1607.007446,1610.4211368365964,-3.413690836596288,1610.1424199430742,0.07157557211245982,0.20714132140964703
26.84912764,1605.8907470000001,1609.9525405209129,-4.061793520912715,1609.670570837431,0.07113857078094132,0.21083111270099525
26.85930677,1606.366089,1609.4844562772364,-3.1183672772363025,1609.1990897779335,0.07070555759813182,0.21466094170477457
26.8694859,1608.0834960000002,1609.0168950891266,-0.9333990891263966,1608.7279767645825,0.07027648420433096,0.21864184033963216
26.87966503,1609.781616,1608.5498695556257,1.2317464443742665,1608.2572317973775,0.06985130297029785,0.2227864552779964
26.88984416,1608.463989,1608.083394166865,0.3805948331350919,1607.7868548763183,0.06942996698405708,0.22710932356267907
26.9000233,1608.172485,1607.6174851668356,0.5549998331644019,1607.3168455398488,0.0690124296296429,0.23162719735712609
26.91020243,1609.196167,1607.1521627546524,2.044004245347651,1606.8472047114437,0.0685986462114712,0.236359396997144
26.92038156,1608.1303710000002,1606.6874487668574,1.442922233142781,1606.3779319291846,0.06818857148088726,0.24132826619194198
26.93056069,1607.599976,1606.2233690025132,1.3766069974867605,1605.9090271930713,0.06778216126847841,0.24655964817346054
26.94073982,1606.0196529999998,1605.7599533321402,0.2596996678596497,1605.4404905031047,0.06737937206015214,0.2520834569754598
26.95091895,1604.345703,1605.2972363467215,-0.9515333467215896,1604.9723218592837,0.06698016098550888,0.2579343264522771
26.96109808,1605.1342769999999,1604.8352580982848,0.2990189017150442,1604.504521261609,0.06658448580645351,0.2641523508695284
26.97127721,1605.0161130000001,1604.3740649421784,0.6420480578217393,1604.03708871008,0.06619230490604276,0.270783927192321
26.98145634,1604.600708,1603.9137104917559,0.686997508244076,1603.5700242046976,0.06580357727755982,0.27788270978078733
26.99163547,1605.163452,1603.4542566966898,1.7091953033102527,1603.1033277454612,0.06541826251381336,0.2855106887148106
27.0018146,1603.379761,1602.9957750565509,0.3839859434490336,1602.6369993323708,0.06503632079665375,0.2937394033833155
27.01199373,1600.7698970000001,1602.538347981571,-1.7684509815708225,1602.1710389654263,0.06465771288670394,0.3026513032580287
27.02217286,1600.268188,1602.0820703126353,-1.8138823126353145,1601.7054466446282,0.06428240011329708,0.3123412678938555
27.03235199,1600.475708,1601.6270510124614,-1.1513430124614388,1601.2402223699762,0.06391034436461855,0.32291829812065115
27.04253112,1600.2303470000002,1601.1734150396228,-0.9430680396226307,1600.7753661414702,0.06354150807804557,0.3345073900745096
27.05271025,1599.6994630000002,1600.7213054164583,-1.0218424164581847,1600.31087795911,0.06317585423068267,0.34725160311764136
27.06288939,1598.83667,1600.2708850593917,-1.4342150593918177,1599.8467573671244,0.0628133459754902,0.36131434629186493
27.07306852,1599.775024,1599.8223410320475,-0.047317032047430985,1599.383005277418,0.06245394805361194,0.37688180657569437
27.08324765,1600.90625,1599.3758845947161,1.5303654052838738,1598.919621233858,0.0620976246487479,0.3941657362094109
27.09342678,1598.723145,1598.9317559057395,-0.20861090573953334,1598.456605236444,0.061744340805985044,0.4134063284896454
27.10360591,1596.458862,1598.490226734789,-2.031364734789122,1597.993957285176,0.06139406206557041,0.4348753875473403
27.11378504,1595.867432,1598.0516038455435,-2.18417184554346,1597.5316773800544,0.06104675445452055,0.4588797110345054
27.12396417,1597.465698,1597.6162325995504,-0.15053459955038306,1597.0697655210784,0.06070238447839755,0.48576469399353334
27.1341433,1599.012085,1597.1845007719537,1.8275842280463621,1596.608221708249,0.06036091911324543,0.5159181445914754
27.14432243,1599.321411,1596.7568425646764,2.5645684353235083,1596.1470459415655,0.060022325797685266,0.5497742973131481
27.15450156,1598.6660160000001,1596.3337427969282,2.3322732030719635,1595.686238221028,0.05968657242516404,0.5878180034750982
27.16468069,1597.639893,1595.9157412465245,1.724151753475553,1595.2257985466365,0.05935362733635577,0.63058907255165
27.17485982,1596.924927,1595.5034371085203,1.4214898914797232,1594.7657269183912,0.059023459311709055,0.6786867308172685
27.18503895,1597.931885,1595.0974935301003,2.8343914698996286,1594.306023336292,0.058696037564139825,0.7327741562443598
27.19521808,1598.314575,1594.698642172585,3.6159328274150084,1593.846687800339,0.05837133173186447,0.793583040514367
27.20539721,1597.7910160000001,1594.3076877428869,3.4833282571132713,1593.387720310532,0.058049311871372425,0.8619181204835753
27.21557634,1597.583374,1593.9255124279243,3.657861572075717,1592.9291208668712,0.05772994845053265,0.9386616126025721
27.22575547,1596.021118,1593.5530801564482,2.468037843551656,1592.4708894693563,0.05741321234183224,1.0247774747501812
27.23593461,1594.02063,1593.191440254064,0.8291897459359916,1592.013025668362,0.0570990745084031,1.121315511193689
27.24611374,1592.588135,1592.8417325078763,-0.2535975078762931,1591.555530363501,0.056787507229396614,1.229414637145881
27.25629287,1592.82959,1592.5051882342352,0.3244017657648328,1591.0984031047863,0.05647848224198697,1.3503066472068928
27.266472,1593.2852779999998,1592.1831343498968,1.1021436501030166,1590.6416438922172,0.05617197197206881,1.485318485707508
27.27665113,1592.9178470000002,1591.8769949694731,1.0408520305270486,1590.1852527257943,0.05586794921823339,1.635874294460681
27.28683026,1590.630127,1591.5882925605526,-0.958165560552743,1589.7292296055177,0.05556638714574232,1.8034965678891208
27.29700939,1589.617432,1591.3186481681641,-1.7012161681641373,1589.273574531387,0.05526725928061399,1.9898063774963561
27.30718852,1589.7536619999998,1591.0697805782775,-1.3161185782776101,1588.8182875034026,0.05497053950382201,2.1965225353708937
27.31736765,1589.6286619999998,1590.843504289367,-1.2148422893671977,1588.3633685215643,0.05467620204560112,2.425459565757233
27.32754678,1589.574341,1590.6417261628148,-1.067385162814844,1587.908817585872,0.054384221479859905,2.6785243554630354
27.33772591,1591.14209,1590.466440627361,0.6756493726391,1587.4546346963257,0.054094572718696964,2.9577113583164696
27.34790504,1592.170288,1590.3197233202595,1.8505646797405007,1587.0008198529254,0.05380723100701982,3.265096236327052
27.35808417,1590.849243,1590.203723058503,0.6455199414967865,1586.5473730556714,0.05352217191726242,3.602827830914424
27.3682633,1589.830444,1590.1206520476812,-0.2902080476812898,1586.0942943045634,0.05323937134420075,3.973118371773751
27.37844243,1589.192261,1590.0727742539464,-0.8805132539464466,1585.6415835996015,0.052958805499863315,4.378231848844968
27.38862156,1589.980591,1590.0623918862627,-0.08180088626272664,1585.1892409407856,0.052680450908536125,4.820470494568574
27.3988007,1591.615356,1590.0918300109915,1.5235259890084762,1584.7372658842762,0.052404284131618864,5.302159842583697
27.40897983,1590.5823970000001,1590.1634190482032,0.41897795179693276,1584.2856593181143,0.052130282845883405,5.8256294472430925
27.41915896,1588.794312,1590.2794757135316,-1.4851637135316196,1583.8344207980983,0.0518584242109416,6.393196491222275
27.42933809,1588.489014,1590.4422819097492,-1.9532679097492291,1583.3835503242283,0.051588685951953525,7.007142899568879
27.43951722,1589.177612,1590.6540620079547,-1.4764500079547815,1582.9330478965046,0.051321046082693327,7.669693065367476
27.44969635,1590.471069,1590.9169585830807,-0.44588958308077054,1582.4829135149268,0.05105548290107442,8.382989585252691
27.45987548,1590.611938,1591.2330068154254,-0.6210688154253603,1582.0331471794952,0.050791974984756336,9.14906766094527
27.47005461,1589.678955,1591.6041078092758,-1.925152809275687,1581.58374889021,0.0505305011868298,9.969828417878945
27.48023374,1590.00061,1592.032001129615,-2.031391129615031,1581.1347186470705,0.050271040631579174,10.847011441912919
27.49041287,1590.426636,1592.5182369088025,-2.0916009088025476,1580.686056450077,0.05001357271032158,11.782166886015068
27.500592,1590.986694,1593.064147926278,-2.0774539262781673,1580.23776229923,0.04975807707731941,12.776627549970682
27.51077113,1592.536743,1593.670822115042,-1.134079115042141,1579.789836194529,0.04950453364576615,13.831481386867262
27.52095026,1592.6252439999998,1594.3390759981742,-1.713831998174328,1579.3422781359739,0.04925292258384295,14.947544939616412
27.53112939,1592.794189,1595.069429606182,-2.275240606182024,1578.8950881235648,0.04900322431084591,16.125338258306385
27.54130852,1594.009399,1595.8620834708117,-1.8526844708117096,1578.448266157302,0.04875541949338102,17.365061894016485
27.55148765,1594.815918,1596.716898332286,-1.9009803322860535,1578.0018122371855,0.04850948904162656,18.666576606058992
27.56166679,1595.231323,1597.633379164424,-2.402056164424039,1577.5557259251595,0.04826541386678637,20.0293878253976
27.57184592,1595.529663,1598.610658700527,-3.0809957005269553,1577.1100080976964,0.04802317583477613,21.45262742699577
27.58202505,1596.185547,1599.6474948504535,-3.461947850453498,1576.6646583163797,0.04778275632402733,22.935053777749815
27.59220418,1597.6988529999999,1600.7422647484448,-3.043411748444896,1576.2196765812087,0.04754413718292498,24.47504403005311
27.60238331,1597.959595,1601.8929695476074,-3.9333745476074,1575.775062892184,0.0473073004856979,26.070599354937812
27.61256244,1597.821167,1603.0972454347766,-5.276078434776537,1575.3308172493055,0.04707222852905589,27.71935595694207
27.62274157,1600.953491,1604.3523824706483,-3.398891470648323,1574.886939652573,0.046838903828885545,29.41860391424664
27.6329207,1604.220581,1605.6553519438412,-1.4347709438411584,1574.4434301019865,0.0466073091170027,31.165314532737696
27.64309983,1605.507446,1607.0028428438084,-1.4953968438082939,1574.000288597546,0.046377427337961685,32.95617681892437
27.65327896,1606.144775,1608.39130791637,-2.2465329163699153,1573.5575151392518,0.04614924164591861,34.78764353547226
27.66345809,1608.055542,1609.8170195357552,-1.761477535755148,1573.1151097271036,0.04592273540154901,36.65598707325001
27.67363722,1611.807739,1611.2761352601208,0.5316037398793014,1572.6730723611015,0.04569789216901759,38.55736500685021
27.68381635,1613.098633,1612.7647723590442,0.33386064095589063,1572.2314030412454,0.04547469571300065,40.48789462208571
27.69399548,1612.213135,1614.279089698986,-2.0659546989859336,1571.7901017675354,0.04525312999575838,42.44373480145483
27.70417461,1612.612915,1615.81537397842,-3.2024589784200543,1571.3491685399717,0.04503317917425731,44.42117225927406
27.71435374,1614.268311,1617.3701251739822,-3.1018141739821203,1570.908603358554,0.04481482759734107,46.41670698783081
27.72453288,1617.957275,1618.9401343955753,-0.9828593955753604,1570.4684057910122,0.04459805959076958,48.427130544972506
27.73471201,1622.5859380000002,1620.5225317539812,2.0634062460189853,1570.0285767022483,0.044382860304739,50.44957219142826
27.74489114,1624.939941,1622.114807398214,2.825133601786092,1569.5891156596306,0.04416921443349678,52.48152252414997
27.75507027,1626.351929,1623.7147451388755,2.637183861124413,1569.1500226631588,0.04395710706605002,54.520765368650714
27.7652494,1628.363159,1625.3202490205788,3.0429099794212107,1568.7112977128331,0.04374652346983782,56.56520478427584
27.77542853,1630.52124,1626.9289946273116,3.592245372688467,1568.2729408086534,0.043537449088175625,58.612516369570095
27.78560766,1633.175659,1628.5378299426018,4.637829057398221,1567.8349519506198,0.043329869537742906,60.65954812244412
27.79578679,1634.642944,1630.141835037612,4.501108962387889,1567.3973311387324,0.043123770606111715,62.70138012827345
27.80596592,1635.845825,1631.7329510894967,4.112873910503367,1566.9600783729911,0.04291913824931686,64.72995357825633
27.81614505,1637.0588380000002,1633.2981269799805,3.7607110200196985,1566.523193653396,0.042715958589465676,66.73221736799492
27.82632418,1638.6053470000002,1634.8170385643796,3.7883084356205927,1566.0866769799468,0.042514217912388144,68.68784736652036
27.83650331,1639.781982,1636.2596489196462,3.5223330803537465,1565.6505283526437,0.04231390266532477,70.56680666433725
27.84668244,1639.771851,1637.5842138016944,2.187637198305538,1565.2147477714868,0.04211499945465313,72.32735103075292
27.85686157,1639.623291,1638.7367362859623,0.8865547140378567,1564.7793352364758,0.041917495043651026,73.91548355444273
27.8670407,1640.1191410000001,1639.6531353091095,0.4660056908905972,1564.344290747611,0.041721376350297164,75.26712318514831
27.87721983,1639.280151,1640.265157379326,-0.9850063793260233,1563.909614304892,0.04152663044510674,76.31401644398885
27.88739897,1636.653687,1640.5099939635018,-3.8563069635017655,1563.4753054818352,0.041333244359684024,76.99335523730694
27.8975781,1635.193481,1640.3417622141333,-5.148281214133249,1563.0413651317701,0.04114120584322088,77.25925587651997
27.90775723,1636.005493,1639.7413350829438,-3.7358420829439183,1562.6077928278514,0.040950502220558925,77.0925917528719
27.91793636,1637.041626,1638.7207749800245,-1.6791489800245927,1562.1745885700786,0.04076112115141497,76.5054252887946
27.92811549,1637.455322,1637.3205147123458,0.1348072876542119,1561.741752358452,0.04057305043773777,75.53818930345614
27.93829462,1637.115356,1635.6004779501561,1.514878049843901,1561.3092841929713,0.04038627802174629,74.25080747916316
27.94847375,1635.2186279999999,1633.6286267428582,1.5900012571416937,1560.877184073637,0.04020079198399872,72.71124187723727
27.95865288,1632.544922,1631.470677709304,1.074244290696015,1560.4454520004485,0.040016580541492874,70.98520912831391
27.96883201,1630.588867,1629.1832737974787,1.4055932025212314,1560.0140879734063,0.03983363204579655,69.12935219202657
27.97901114,1628.293091,1626.8110186397023,1.4820723602977068,1559.58309199251,0.03965193498120826,67.18827471221114
27.98919027,1624.616455,1624.386509800473,0.2299451995270374,1559.15246405776,0.03947147796294673,65.19457426475009
27.9993694,1621.8983150000001,1621.9321016587887,-0.033786658788585555,1558.722204169156,0.039292249735369385,63.17060523989735
28.00954853,1619.2109380000002,1619.462310416927,-0.25137241692686985,1558.292312326698,0.03911423917021874,61.13088385105889
28.01972766,1616.223755,1616.986165718251,-0.7624107182509761,1557.862788530386,0.03893743526489707,59.08443975260002
28.02990679,1613.489624,1614.5091734465684,-1.0195494465683623,1557.4336327802205,0.038761827140767806,57.03677883920727
28.04008592,1611.806274,1612.0347960397569,-0.2285220397568537,1557.0048450762006,0.03858740404148354,54.99136355951488
28.05026506,1610.5061039999998,1609.5654824891017,0.9406215108981542,1556.5764249976273,0.03841415516171441,52.9506433363127
28.06044419,1607.783936,1607.1033476025573,0.6805883974427616,1556.1483733862615,0.03824207032517249,50.91673214597054
28.07062332,1604.768677,1604.650556545112,0.11812045488795775,1555.7206898210416,0.03807113896183311,48.89179558510868
28.08080245,1601.982178,1602.2095437554308,-0.22736575543081017,1555.2933743019678,0.037901350788306906,46.878268102674575
28.09098158,1598.885376,1599.7830928962399,-0.8977168962398991,1554.8664268290402,0.03773269563551942,44.87893337156423
28.10116071,1596.854248,1597.374338645814,-0.5200906458139798,1554.4398474022587,0.037565163447189964,42.89692608010826
28.11133984,1595.786377,1594.9867203274764,0.799656672523497,1554.0136360216231,0.03739874427833381,40.935685561575035
28.12151897,1594.835449,1592.6239093661518,2.2115396338481332,1553.5877926871337,0.037233428293788055,38.998883250724155
28.1316981,1593.426392,1590.2897250668639,3.136666933136212,1553.1623173987907,0.03706920576675962,37.09033846230647
28.14187723,1588.794556,1587.9880480087802,0.8065079912198598,1552.7372101565936,0.03690606707739595,35.213931785109146
28.15205636,1582.926636,1585.7227368242998,-2.796100824299856,1552.3124709605424,0.036744002711377344,33.37352186104588
28.16223549,1579.7265619999998,1583.497551787369,-3.770989787369217,1551.8880998106372,0.036583003258531345,31.57286897347334
28.17241462,1578.77832,1581.3160870958905,-2.5377670958905583,1551.4640967068783,0.036423059411467826,29.815567329600654
28.18259375,1576.674438,1579.1817127343088,-2.507274734308794,1551.0404616492656,0.036264161964235146,28.10498692307899
28.19277288,1573.947876,1577.0975261608544,-3.149650160854435,1550.6171946377988,0.03610630181099651,26.44422522124469
28.20295201,1570.822998,1575.0663136559003,-4.243315655900233,1550.1942956724781,0.03594946994472689,24.83606851347743
28.21313114,1568.9019779999999,1573.090520911448,-4.188542911448167,1549.7717647533036,0.03579365745592921,23.28296250068853
28.22331028,1568.356934,1571.1722304277105,-2.815296427710564,1549.3496014657221,0.035638855379785984,21.786990106608627
28.23348941,1568.267212,1569.313156236594,-1.0459442365940959,1548.9278066392012,0.035485055302230936,20.349864542090614
28.24366854,1568.008423,1567.5146270966816,0.4937959033184143,1548.5063798588267,0.0353322484462691,18.972914989408622
28.25384767,1566.425415,1565.7775951050376,0.6478198949623675,1548.085321124598,0.035180426280062536,17.65709355415951
28.2640268,1564.210327,1564.1026405497605,0.1076864502394983,1547.6646304365156,0.03502958036316756,16.402980532881678
28.27420593,1563.121216,1562.4899836730133,0.6312323269867193,1547.244307794579,0.034879702345363056,15.210796176088852
28.28438506,1560.940063,1560.9395006945788,0.0005623054212264833,1546.8243531987887,0.03473078396549558,14.08041671182467
28.29456419,1559.446411,1559.4507433833405,-0.004332383340624801,1546.4047666491444,0.0345828170503422,13.011393917145845
28.30474332,1559.141846,1558.0229614947543,1.11888450524566,1545.9855481456464,0.03443579351348979,12.002977555594528
28.31492245,1557.547974,1556.6551274283688,0.892846571631253,1545.5666976882942,0.03428970535423148,11.054140034720442
28.32510158,1555.300171,1555.34596249988,-0.045791499879896946,1545.1482152770884,0.03414454465647898,10.163602678135165
28.33528071,1553.168091,1554.0939642662975,-0.925873266297458,1544.7301009120285,0.034000303587690996,9.329863050681334
28.34545984,1552.557739,1552.8974343897921,-0.33969538979204117,1544.3123545931146,0.03385697439781789,8.55122282227961
28.35563897,1551.645508,1551.75450657489,-0.10899857488993803,1543.8949763203468,0.03371454941826128,7.825815705124905
28.3658181,1551.0467529999999,1550.6631741641952,0.3835788358046557,1543.4779660937254,0.03357302106084938,7.151635049408836
28.37599723,1551.333862,1549.6213170289252,1.712544971074749,1543.06132391325,0.03343238181682685,6.526560733858538
28.38617637,1550.3591310000002,1548.6267264869737,1.732404513026495,1542.645049370153,0.03329262411899253,5.948384492701756
28.3963555,1548.520386,1547.6771337567336,0.8432522432663063,1542.229143282331,0.03315374088904405,5.4148367335135115
28.40653463,1548.850464,1546.7702271961932,2.0802368038068835,1541.8136052406555,0.033015724712833205,4.923606230824911
28.41671376,1549.564819,1545.9036776923356,3.6611413076643657,1541.3984352451257,0.032878568389464354,4.472363878820295
28.42689289,1547.466553,1545.0751573144755,2.391395685524458,1540.9836332957423,0.032742264792625674,4.058781753940716
28.43707202,1545.911987,1544.28235710194,1.629629898059875,1540.569199392505,0.03260680686966436,3.68055090256545
28.44725115,1545.666138,1543.5230029422814,2.1431350577186095,1540.1551335354136,0.0324721876406749,3.3353972192271537
28.45743028,1544.5509029999998,1542.7948695303533,1.7560334696465816,1539.7414357244684,0.032338400197600925,3.021095405687293
28.46760941,1542.606079,1542.0957924289705,0.5102865710293827,1539.3281059596688,0.032205437703349556,2.735481031598345
28.47778854,1540.765991,1541.4236782784085,-0.6576872784085026,1538.9151442410164,0.03207329339091862,2.47646074400116
28.48796767,1541.5002439999998,1540.7765132245893,0.7237307754105586,1538.5025505685094,0.03194196056253624,2.242020695517273
28.4981468,1543.0935060000002,1540.1523696546044,2.941136345395762,1538.090324942148,0.03181143258881307,2.030233279867594
28.50832593,1542.477783,1539.549411343231,2.928371656769059,1537.6784673619331,0.03168170290790616,1.8392622783900254
28.51850506,1541.868408,1538.9658971256188,2.902510874381278,1537.2669778278653,0.03155276502469508,1.6673665327287925
28.52868419,1541.524292,1538.400183219492,3.124108780508095,1536.8558563399426,0.031424612509969384,1.5129022670392374
28.53886332,1539.3553470000002,1537.8507243253293,1.504622674670827,1536.4451028981657,0.03129723899962805,1.3743241881639225
28.54904246,1538.168823,1537.3160731168807,0.8527498831192588,1536.0347170995528,0.031170638069894455,1.250185379257933
28.55922159,1538.608765,1536.794881375781,1.8138836242189882,1535.6246997504302,0.031044803733269555,1.1391368216176196
28.56940072,1538.353394,1536.285895058235,2.0674989417650522,1535.2150504474535,0.03091972969153634,1.039924881090001
28.57957985,1537.281616,1535.787953917116,1.4936620828839295,1534.8057691906229,0.030795409833246773,0.9513893166599221
28.58975898,1536.226318,1535.2999878885444,0.926330111455627,1534.3968559799384,0.030671838108224256,0.8724600704977936
28.59993811,1534.9176029999999,1534.8210135331929,0.09658946680701774,1533.9883108154,0.03054900852682829,0.8021537092660589
28.61011724,1533.686279,1534.3501301040237,-0.6638511040237063,1533.5801336970076,0.030426915159229125,0.7395694918569676
28.62029637,1533.6290279999998,1533.886515336009,-0.25748733600926244,1533.1723246247616,0.03030555213469268,0.6838851591127509
28.6304755,1534.826172,1533.4294210445235,1.3967509554765911,1532.7648835986615,0.030184913640875183,0.6343525322210795
28.64065463,1535.150024,1532.9781686100544,2.1718553899456765,1532.3578106187074,0.030064993923128048,0.5902929974239114
28.65083376,1534.571533,1532.5321444177996,2.039388582200445,1531.9511056848996,0.029945787283811965,0.5510929456162188
28.66101289,1534.321899,1532.0907953118303,2.2311036881696964,1531.5447687972378,0.029827288081620724,0.5161992265109739
28.67119202,1533.143555,1531.6536241148974,1.4899308851026944,1531.138799955722,0.029709490730914143,0.4851146684443491
28.68137115,1531.083862,1531.2201852567587,-0.1363232567587147,1530.7331991603523,0.029592389701060585,0.4573937067052946
28.69155028,1530.705078,1530.7900805462275,-0.08500254622754255,1530.3279664111287,0.029475979515788082,0.43263815558301166
28.70172941,1531.091187,1530.3629551150052,0.7282318849947842,1529.9231017080515,0.029360254752544702,0.4104931522012783
28.71190855,1531.064453,1529.9384931390766,1.1259598609233308,1529.5186046539222,0.029245209929179426,0.39064327522528025
28.72208768,1529.99646,1529.5164158502257,0.4800441497743577,1529.1144760434986,0.02913083995473191,0.37280896677228564
28.73226681,1528.046021,1529.0964756001251,-1.050454600125022,1528.7107154792209,0.029017139450705116,0.356742981453625
28.74244594,1528.194214,1528.678454321504,-0.48424032150387575,1528.3073229610895,0.02890410320320242,0.34222725721117697
28.75262507,1528.340454,1528.2621601279618,0.07829387203810256,1527.904298489104,0.02879172604897721,0.3290699128089427
28.7628042,1527.026245,1527.8474245576715,-0.8211795576714849,1527.5016420632649,0.028680002874843506,0.31710249153183434
28.77298333,1527.1872560000002,1527.4341000383595,-0.24684403835931334,1527.0993536835713,0.028568928617094855,0.3061774261710606
28.78316246,1527.32959,1527.0220575669393,0.30753243306071454,1526.6974333500243,0.028458498260930835,0.29616571865418756
28.79334159,1526.116699,1526.6111845953178,-0.49448559531788305,1526.2958810626233,0.028348706839891637,0.2869548258545728
